name,address,street_address,city,state,zip_code,full_address,source,import_date,import_time,property_id,fips_code,apn,year_built,property_type,property_subtype,property_class,land_use,owner_occupied,building_sqft,living_sqft,gross_sqft,bedrooms,bathrooms_total,bathrooms_full,bathrooms_half,total_rooms,building_type,stories,units_count,year_built_effective,condition,wall_type,lot_size_sqft,lot_size_acres,lot_depth,lot_frontage,assessed_total_value,assessed_land_value,assessed_improvement_value,tax_amount,tax_year,market_total_value,market_land_value,market_improvement_value,latitude,longitude,elevation,formatted_address,address_match_code,data_source,enrichment_date,enrichment_time
,"2325 W Country Club Dr, Sedalia, MO 65301",2325 W Country Club Dr,Sedalia,MO,65301,"2325 W Country Club Dr, Sedalia, MO 65301",Google Maps List Scraper,2025-07-11,15:22:01,,29159,14-1.0-01-0-00-006.628,2005.0,SFR,Residential,Single Family Residence / Townhouse,SFR,OWNER OCCUPIED,2506.0,2506.0,,5.0,6.0,3.0,,16.0,,1.0,,,AVERAGE,ALUMINUM/VINYL,38745.0,0.8894628,205.0,189.0,,,,,,,,,38.704637,-93.290798,,"2325 W COUNTRY CLUB DR, SEDALIA, MO 65301",ExaStr,ATTOM Data API,2025-07-15,16:05:14
,"2195 W Country Club Dr, Sedalia, MO 65301",2195 W Country Club Dr,Sedalia,MO,65301,"2195 W Country Club Dr, Sedalia, MO 65301",Google Maps List Scraper,2025-07-11,15:22:01,,29159,14-1.0-01-0-00-006.647,2005.0,SFR,Residential,Single Family Residence / Townhouse,SFR,OWNER OCCUPIED,2566.0,2566.0,,4.0,6.0,3.0,,16.0,,1.0,,,AVERAGE,ALUMINUM/VINYL,42228.0,0.9694215,204.0,207.0,,,,,,,,,38.704101,-93.289830,,"2195 W COUNTRY CLUB DR, SEDALIA, MO 65301",ExaStr,ATTOM Data API,2025-07-15,16:05:17
,"2250 W Country Club Dr, Sedalia, MO 65301",2250 W Country Club Dr,Sedalia,MO,65301,"2250 W Country Club Dr, Sedalia, MO 65301",Google Maps List Scraper,2025-07-11,15:22:01,,29159,14-1.0-01-0-00-006.640,2005.0,SFR,Residential,Single Family Residence / Townhouse,SFR,OWNER OCCUPIED,2016.0,2016.0,,5.0,6.0,3.0,,16.0,,1.0,,,AVERAGE,STUCCO,38150.0,0.8758035,175.0,218.0,,,,,,,,,38.707309,-93.291165,,"2250 W COUNTRY CLUB DR, SEDALIA, MO 65301",ExaStr,ATTOM Data API,2025-07-15,16:05:20
,"2330 W Country Club Dr, Sedalia, MO 65301",2330 W Country Club Dr,Sedalia,MO,65301,"2330 W Country Club Dr, Sedalia, MO 65301",Google Maps List Scraper,2025-07-11,15:22:01,,29159,14-1.0-01-0-00-006.626,2004.0,SFR,Residential,Single Family Residence / Townhouse,SFR,OWNER OCCUPIED,1909.0,1909.0,,3.0,5.0,2.0,,11.0,,1.0,,,AVERAGE,ALUMINUM/VINYL,41109.0,0.9437328,213.0,193.0,,,,,,,,,38.704142,-93.291537,,"2330 W COUNTRY CLUB DR, SEDALIA, MO 65301",ExaStr,ATTOM Data API,2025-07-15,16:05:22
,"1550 Fairway Dr, Sedalia, MO 65301",1550 Fairway Dr,Sedalia,MO,65301,"1550 Fairway Dr, Sedalia, MO 65301",Google Maps List Scraper,2025-07-11,15:22:01,,29159,14-1.0-01-0-00-036.000,1990.0,SFR,Residential,Single Family Residence / Townhouse,SFR,OWNER OCCUPIED,1710.0,1710.0,,3.0,2.0,1.0,,6.0,,1.0,,,AVERAGE,BRICK,20900.0,0.479798,190.0,110.0,,,,,,,,,38.701443,-93.284649,,"1550 FAIRWAY DR, SEDALIA, MO 65301",ExaStr,ATTOM Data API,2025-07-15,16:05:25
,"4240 Green Cir, Sedalia, MO 65301",4240 Green Cir,Sedalia,MO,65301,"4240 Green Cir, Sedalia, MO 65301",Google Maps List Scraper,2025-07-11,15:22:01,,29159,14-1.0-01-0-00-067.000,1996.0,SFR,Residential,Single Family Residence / Townhouse,SFR,OWNER OCCUPIED,3285.0,3285.0,,5.0,4.0,3.0,,8.0,,2.0,,,AVERAGE,ALUMINUM/VINYL,22403.0,0.5143021,173.0,141.0,,,,,,,,,38.700315,-93.287468,,"4240 GREEN CIR, SEDALIA, MO 65301",ExaStr,ATTOM Data API,2025-07-15,16:05:28
,"4200 Eagle Dr, Sedalia, MO 65301",4200 Eagle Dr,Sedalia,MO,65301,"4200 Eagle Dr, Sedalia, MO 65301",Google Maps List Scraper,2025-07-11,15:22:01,,29159,14-1.0-01-0-00-053.000,1994.0,SFR,Residential,Single Family Residence / Townhouse,SFR,OWNER OCCUPIED,2054.0,2054.0,,4.0,3.0,2.0,,7.0,,2.0,,,AVERAGE,WOOD,25840.0,0.5932048,190.0,62.0,,,,,,,,,38.701975,-93.285992,,"4200 EAGLE DR, SEDALIA, MO 65301",ExaStr,ATTOM Data API,2025-07-15,16:05:31
,"2265 W Country Club Dr, Sedalia, MO 65301",2265 W Country Club Dr,Sedalia,MO,65301,"2265 W Country Club Dr, Sedalia, MO 65301",Google Maps List Scraper,2025-07-11,15:22:01,,29159,14-1.0-01-0-00-006.641,2005.0,SFR,Residential,Single Family Residence / Townhouse,SFR,OWNER OCCUPIED,2179.0,2179.0,,5.0,5.0,3.0,,14.0,,1.0,,,AVERAGE,ALUMINUM/VINYL,38948.0,0.894123,214.0,182.0,,,,,,,,,38.706621,-93.291405,,"2265 W COUNTRY CLUB DR, SEDALIA, MO 65301",ExaStr,ATTOM Data API,2025-07-15,16:05:33
,"4115 Par 5 Dr, Sedalia, MO 65301",4115 Par 5 Dr,Sedalia,MO,65301,"4115 Par 5 Dr, Sedalia, MO 65301",Google Maps List Scraper,2025-07-11,15:22:01,,29159,14-1.0-01-0-00-010.000,1993.0,SFR,Residential,Single Family Residence / Townhouse,SFR,OWNER OCCUPIED,1827.0,1827.0,,3.0,3.0,3.0,,6.0,,1.0,,,AVERAGE,WOOD,39900.0,0.915978,380.0,105.0,,,,,,,,,38.703318,-93.285118,,"4115 PAR 5 DR, SEDALIA, MO 65301",ExaStr,ATTOM Data API,2025-07-15,16:05:36
,"4024 Par 4 Dr, Sedalia, MO 65301",4024 Par 4 Dr,Sedalia,MO,65301,"4024 Par 4 Dr, Sedalia, MO 65301",Google Maps List Scraper,2025-07-11,15:22:01,,29159,14-1.0-01-0-00-024.000,1992.0,SFR,Residential,Single Family Residence / Townhouse,SFR,OWNER OCCUPIED,1884.0,1884.0,,3.0,2.0,2.0,,6.0,,1.0,,,AVERAGE,BRICK,25300.0,0.5808081,200.0,53.0,,,,,,,,,38.700230,-93.283208,,"4024 PAR 4 DR, SEDALIA, MO 65301",ExaStr,ATTOM Data API,2025-07-15,16:05:39
,"4245 Par 5 Dr, Sedalia, MO 65301",4245 Par 5 Dr,Sedalia,MO,65301,"4245 Par 5 Dr, Sedalia, MO 65301",Google Maps List Scraper,2025-07-11,15:22:01,,29159,14-1.0-01-0-00-079.000,1994.0,SFR,Residential,Single Family Residence / Townhouse,SFR,ABSENTEE(MAIL AND SITUS NOT =),1928.0,1928.0,,3.0,3.0,2.0,,8.0,,1.0,,,AVERAGE,BRICK,38535.0,0.8846419,367.0,105.0,,,,,,,,,38.703389,-93.286998,,"4245 PAR 5 DR, SEDALIA, MO 65301",ExaStr,ATTOM Data API,2025-07-15,16:05:42
,"4079 Par 5 Dr, Sedalia, MO 65301",4079 Par 5 Dr,Sedalia,MO,65301,"4079 Par 5 Dr, Sedalia, MO 65301",Google Maps List Scraper,2025-07-11,15:22:01,,29159,14-1.0-01-0-00-031.000,1990.0,SFR,Residential,Single Family Residence / Townhouse,SFR,OWNER OCCUPIED,1678.0,1678.0,,3.0,2.0,2.0,,5.0,,1.0,,,AVERAGE,ALUMINUM/VINYL,85378.0,1.96,180.0,125.0,,,,,,,,,38.702651,-93.283149,,"4079 PAR 5 DR, SEDALIA, MO 65301",ExaStr,ATTOM Data API,2025-07-15,16:05:44
,"2225 W Country Club Dr, Sedalia, MO 65301",2225 W Country Club Dr,Sedalia,MO,65301,"2225 W Country Club Dr, Sedalia, MO 65301",Google Maps List Scraper,2025-07-11,15:22:01,,29159,14-1.0-01-0-00-006.644,2012.0,SFR,Residential,Single Family Residence / Townhouse,SFR,OWNER OCCUPIED,2213.0,2213.0,,3.0,3.0,2.0,,5.0,,1.0,,,AVERAGE,ALUMINUM/VINYL,59067.0,1.356,242.0,244.0,,,,,,,,,38.705684,-93.290492,,"2225 W COUNTRY CLUB DR, SEDALIA, MO 65301",ExaStr,ATTOM Data API,2025-07-15,16:05:47
,"2505 James Ln, Sedalia, MO 65301",2505 James Ln,Sedalia,MO,65301,"2505 James Ln, Sedalia, MO 65301",Google Maps List Scraper,2025-07-11,15:22:01,,29159,14-1.0-01-0-00-006.669,2013.0,SFR,Residential,Single Family Residence / Townhouse,SFR,OWNER OCCUPIED,2258.0,2258.0,,4.0,4.0,3.0,,12.0,,1.0,,,AVERAGE,COMPOSITION/COMPOSITE,54537.0,1.252,384.0,142.0,,,,,,,,,38.705131,-93.288750,,"2505 JAMES LN, SEDALIA, MO 65301",ExaStr,ATTOM Data API,2025-07-15,16:05:50
,"2655 James Ln, Sedalia, MO 65301",2655 James Ln,Sedalia,MO,65301,"2655 James Ln, Sedalia, MO 65301",Google Maps List Scraper,2025-07-11,15:22:01,,29159,14-1.0-01-0-00-006.679,2023.0,SFR,Residential,Single Family Residence / Townhouse,SFR,OWNER OCCUPIED,2233.0,2233.0,,5.0,4.0,3.0,,,,1.0,,,AVERAGE,COMPOSITION/COMPOSITE,49441.0,1.135,315.0,157.0,,,,,,,,,38.705914,-93.283449,,"2655 JAMES LN, SEDALIA, MO 65301",ExaStr,ATTOM Data API,2025-07-15,16:05:52
,"1530 N Hedge Apple Dr, Sedalia, MO 65301",1530 N Hedge Apple Dr,Sedalia,MO,65301,"1530 N Hedge Apple Dr, Sedalia, MO 65301",Google Maps List Scraper,2025-07-11,15:22:01,,29159,14-1.0-01-0-00-048.000,1995.0,SFR,Residential,Single Family Residence / Townhouse,SFR,OWNER OCCUPIED,2038.0,2038.0,,3.0,2.0,2.0,,7.0,,1.0,,,AVERAGE,BRICK,20300.0,0.4660239,175.0,116.0,,,,,,,,,38.702069,-93.287888,,"1530 N HEDGE APPLE DR, SEDALIA, MO 65301",ExaStr,ATTOM Data API,2025-07-15,16:05:55
,"2555 James Ln, Sedalia, MO 65301",2555 James Ln,Sedalia,MO,65301,"2555 James Ln, Sedalia, MO 65301",Google Maps List Scraper,2025-07-11,15:22:01,,29159,14-1.0-01-0-00-006.674,2007.0,SFR,Residential,Single Family Residence / Townhouse,SFR,OWNER OCCUPIED,3226.0,3226.0,,4.0,7.0,3.0,,9.0,,1.0,,,AVERAGE,STUCCO,43778.0,1.005,315.0,139.0,,,,,,,,,38.705176,-93.285466,,"2555 JAMES LN, SEDALIA, MO 65301",ExaStr,ATTOM Data API,2025-07-15,16:05:58
,"1545 Fairway Dr, Sedalia, MO 65301",1545 Fairway Dr,Sedalia,MO,65301,"1545 Fairway Dr, Sedalia, MO 65301",Google Maps List Scraper,2025-07-11,15:22:01,,29159,14-1.0-01-0-00-015.000,1990.0,SFR,Residential,Single Family Residence / Townhouse,SFR,OWNER OCCUPIED,1690.0,1690.0,,3.0,2.0,2.0,,6.0,,1.0,,,AVERAGE,ALUMINUM/VINYL,19000.0,0.43618,190.0,100.0,,,,,,,,,38.701705,-93.285485,,"1545 FAIRWAY DR, SEDALIA, MO 65301",ExaStr,ATTOM Data API,2025-07-15,16:06:01
,"4065 Par 5 Dr, Sedalia, MO 65301",4065 Par 5 Dr,Sedalia,MO,65301,"4065 Par 5 Dr, Sedalia, MO 65301",Google Maps List Scraper,2025-07-11,15:22:01,,29159,14-1.0-01-0-00-029.000,1989.0,SFR,Residential,Single Family Residence / Townhouse,SFR,OWNER OCCUPIED,1624.0,1624.0,,4.0,3.0,2.0,,9.0,,1.0,,,AVERAGE,ALUMINUM/VINYL,22800.0,0.523416,200.0,114.0,,,,,,,,,38.701831,-93.283077,,"4065 PAR 5 DR, SEDALIA, MO 65301",ExaStr,ATTOM Data API,2025-07-15,16:06:03
,"2370 W Country Club Dr, Sedalia, MO 65301",2370 W Country Club Dr,Sedalia,MO,65301,"2370 W Country Club Dr, Sedalia, MO 65301",Google Maps List Scraper,2025-07-11,15:22:01,,29159,14-1.0-01-0-00-006.504,2002.0,SFR,Residential,Single Family Residence / Townhouse,SFR,OWNER OCCUPIED,2432.0,2432.0,,5.0,6.0,3.0,,10.0,,1.0,,,AVERAGE,ALUMINUM/VINYL,38606.0,0.8862718,194.0,199.0,,,,,,,,,38.701908,-93.291549,,"2370 W COUNTRY CLUB DR, SEDALIA, MO 65301",ExaStr,ATTOM Data API,2025-07-15,16:06:06
,"4035 Par 4 Dr, Sedalia, MO 65301",4035 Par 4 Dr,Sedalia,MO,65301,"4035 Par 4 Dr, Sedalia, MO 65301",Google Maps List Scraper,2025-07-11,15:22:01,,29159,14-1.0-01-0-00-039.000,1990.0,SFR,Residential,Single Family Residence / Townhouse,SFR,OWNER OCCUPIED,1657.0,1657.0,,3.0,3.0,2.0,,6.0,,1.0,,,AVERAGE,WOOD,20125.0,0.4620064,175.0,115.0,,,,,,,,,38.700785,-93.284021,,"4035 PAR 4 DR, SEDALIA, MO 65301",ExaStr,ATTOM Data API,2025-07-15,16:06:09
,"2150 W Country Club Dr, Sedalia, MO 65301",2150 W Country Club Dr,Sedalia,MO,65301,"2150 W Country Club Dr, Sedalia, MO 65301",Google Maps List Scraper,2025-07-11,15:22:01,,29159,14-1.0-01-0-00-006.521,2016.0,SFR,Residential,Single Family Residence / Townhouse,SFR,OWNER OCCUPIED,2680.0,2680.0,,2.0,2.0,2.0,,5.0,,1.0,,,AVERAGE,,38612.0,0.8864096,196.0,197.0,,,,,,,,,38.701917,-93.289136,,"2150 W COUNTRY CLUB DR, SEDALIA, MO 65301",ExaStr,ATTOM Data API,2025-07-15,16:06:12
,"2630 James Ln, Sedalia, MO 65301",2630 James Ln,Sedalia,MO,65301,"2630 James Ln, Sedalia, MO 65301",Google Maps List Scraper,2025-07-11,15:22:01,,29159,14-1.0-01-0-00-006.666,,RESIDENTIAL - VACANT LAND,Residential,Vacant,RESIDENTIAL - VACANT LAND,OWNER OCCUPIED,,,,,,,,,,,,,,,43400.0,0.9963269,200.0,217.0,,,,,,,,,38.705561,-93.282763,,"2630 JAMES LN, SEDALIA, MO 65301",ExaStr,ATTOM Data API,2025-07-15,16:06:14
,"4180 Green Cir, Sedalia, MO 65301",4180 Green Cir,Sedalia,MO,65301,"4180 Green Cir, Sedalia, MO 65301",Google Maps List Scraper,2025-07-11,15:22:01,,29159,14-1.0-01-0-00-061.000,1994.0,SFR,Residential,Single Family Residence / Townhouse,SFR,OWNER OCCUPIED,1726.0,1726.0,,5.0,5.0,4.0,,10.0,,1.0,,,AVERAGE,BRICK,17658.0,0.4053719,162.0,109.0,,,,,,,,,38.700967,-93.286850,,"4180 GREEN CIR, SEDALIA, MO 65301",ExaStr,ATTOM Data API,2025-07-15,16:06:17
,"1575 Par 3 Dr, Sedalia, MO 65301",1575 Par 3 Dr,Sedalia,MO,65301,"1575 Par 3 Dr, Sedalia, MO 65301",Google Maps List Scraper,2025-07-11,15:22:01,,29159,14-1.0-01-0-00-069.000,1994.0,SFR,Residential,Single Family Residence / Townhouse,SFR,OWNER OCCUPIED,1570.0,1570.0,,3.0,3.0,3.0,,7.0,,1.0,,,AVERAGE,BRICK,18530.0,0.4253903,170.0,75.0,,,,,,,,,38.700370,-93.288709,,"1575 PAR 3 DR, SEDALIA, MO 65301",ExaStr,ATTOM Data API,2025-07-15,16:06:20
,"4250 Eagle Dr, Sedalia, MO 65301",4250 Eagle Dr,Sedalia,MO,65301,"4250 Eagle Dr, Sedalia, MO 65301",Google Maps List Scraper,2025-07-11,15:22:01,,29159,14-1.0-01-0-00-056.000,1994.0,SFR,Residential,Single Family Residence / Townhouse,SFR,OWNER OCCUPIED,1984.0,1984.0,,3.0,3.0,2.0,,8.0,,1.0,,,AVERAGE,ALUMINUM/VINYL,24640.0,0.5656566,176.0,140.0,,,,,,,,,38.701405,-93.287089,,"4250 EAGLE DR, SEDALIA, MO 65301",ExaStr,ATTOM Data API,2025-07-15,16:06:23
,"2170 W Country Club Dr, Sedalia, MO 65301",2170 W Country Club Dr,Sedalia,MO,65301,"2170 W Country Club Dr, Sedalia, MO 65301",Google Maps List Scraper,2025-07-11,15:22:01,,29159,14-1.0-01-0-00-006.519,2006.0,SFR,Residential,Single Family Residence / Townhouse,SFR,OWNER OCCUPIED,2069.0,2069.0,,4.0,6.0,4.0,,,,1.0,,,AVERAGE,ALUMINUM/VINYL,38612.0,0.8864096,196.0,197.0,,,,,,,,,38.703043,-93.289065,,"2170 W COUNTRY CLUB DR, SEDALIA, MO 65301",ExaStr,ATTOM Data API,2025-07-15,16:06:25
,"2145 W Country Club Dr, Sedalia, MO 65301",2145 W Country Club Dr,Sedalia,MO,65301,"2145 W Country Club Dr, Sedalia, MO 65301",Google Maps List Scraper,2025-07-11,15:22:01,,29159,14-1.0-01-0-00-006.513,2003.0,SFR,Residential,Single Family Residence / Townhouse,SFR,OWNER OCCUPIED,2203.0,2203.0,,4.0,6.0,3.0,,9.0,,1.0,,,AVERAGE,ALUMINUM/VINYL,53143.0,1.22,194.0,199.0,,,,,,,,,38.701241,-93.290029,,"2145 W COUNTRY CLUB DR, SEDALIA, MO 65301",ExaStr,ATTOM Data API,2025-07-15,16:06:28
,"2640 James Ln, Sedalia, MO 65301",2640 James Ln,Sedalia,MO,65301,"2640 James Ln, Sedalia, MO 65301",Google Maps List Scraper,2025-07-11,15:22:01,,29159,14-1.0-01-0-00-006.667,2020.0,SFR,Residential,Single Family Residence / Townhouse,SFR,OWNER OCCUPIED,2104.0,2104.0,,3.0,6.0,2.0,,5.0,,1.0,,,AVERAGE,ALUMINUM/VINYL,42435.0,0.9741736,207.0,205.0,,,,,,,,,38.706177,-93.282694,,"2640 JAMES LN, SEDALIA, MO 65301",ExaStr,ATTOM Data API,2025-07-15,16:06:31
,"1560 Fairway Dr, Sedalia, MO 65301",1560 Fairway Dr,Sedalia,MO,65301,"1560 Fairway Dr, Sedalia, MO 65301",Google Maps List Scraper,2025-07-11,15:22:01,,29159,14-1.0-01-0-00-037.000,1991.0,SFR,Residential,Single Family Residence / Townhouse,SFR,OWNER OCCUPIED,1515.0,1515.0,,4.0,3.0,3.0,,10.0,,1.0,,,AVERAGE,WOOD,20900.0,0.479798,190.0,110.0,,,,,,,,,38.701139,-93.284668,,"1560 FAIRWAY DR, SEDALIA, MO 65301",ExaStr,ATTOM Data API,2025-07-15,16:06:34
,"4251 Eagle Dr, Sedalia, MO 65301",4251 Eagle Dr,Sedalia,MO,65301,"4251 Eagle Dr, Sedalia, MO 65301",Google Maps List Scraper,2025-07-11,15:22:01,,29159,14-1.0-01-0-00-050.000,1994.0,SFR,Residential,Single Family Residence / Townhouse,SFR,OWNER OCCUPIED,1840.0,1840.0,,3.0,2.0,2.0,,6.0,,1.0,,,AVERAGE,WOOD,19250.0,0.4419192,175.0,110.0,,,,,,,,,38.702030,-93.287100,,"4251 EAGLE DR, SEDALIA, MO 65301",ExaStr,ATTOM Data API,2025-07-15,16:06:37
,"4305 Par 5 Dr, Sedalia, MO 65301",4305 Par 5 Dr,Sedalia,MO,65301,"4305 Par 5 Dr, Sedalia, MO 65301",Google Maps List Scraper,2025-07-11,15:22:01,,29159,14-1.0-01-0-00-076.000,2020.0,SFR,Residential,Single Family Residence / Townhouse,SFR,OWNER OCCUPIED,1866.0,1866.0,,,1.0,1.0,,,,1.0,,,AVERAGE,COMPOSITION/COMPOSITE,39050.0,0.8964646,355.0,110.0,,,,,,,,,38.703448,-93.288534,,"4305 PAR 5 DR, SEDALIA, MO 65301",ExaStr,ATTOM Data API,2025-07-15,16:06:39
,"1555 Shady Ln, Sedalia, MO 65301",1555 Shady Ln,Sedalia,MO,65301,"1555 Shady Ln, Sedalia, MO 65301",Google Maps List Scraper,2025-07-11,15:22:01,,29159,14-1.0-01-0-00-006.102,2001.0,SFR,Residential,Single Family Residence / Townhouse,SFR,OWNER OCCUPIED,2336.0,2336.0,,4.0,4.0,3.0,,6.0,,1.0,,,AVERAGE,BRICK,126324.0,2.9,,,,,,,,,,,38.701843,-93.292577,,"1555 SHADY LN, SEDALIA, MO 65301",ExaStr,ATTOM Data API,2025-07-15,16:06:42
,"2355 W Country Club Dr, Sedalia, MO 65301",2355 W Country Club Dr,Sedalia,MO,65301,"2355 W Country Club Dr, Sedalia, MO 65301",Google Maps List Scraper,2025-07-11,15:22:01,,29159,14-1.0-01-0-00-006.509,2004.0,SFR,Residential,Single Family Residence / Townhouse,SFR,OWNER OCCUPIED,2625.0,2625.0,,3.0,5.0,2.0,,11.0,,1.0,,,AVERAGE,BRICK,38606.0,0.8862718,194.0,199.0,,,,,,,,,38.703050,-93.290623,,"2355 W COUNTRY CLUB DR, SEDALIA, MO 65301",ExaStr,ATTOM Data API,2025-07-15,16:06:45
,"4040 Par 4 Dr, Sedalia, MO 65301",4040 Par 4 Dr,Sedalia,MO,65301,"4040 Par 4 Dr, Sedalia, MO 65301",Google Maps List Scraper,2025-07-11,15:22:01,,29159,14-1.0-01-0-00-022.000,1988.0,SFR,Residential,Single Family Residence / Townhouse,SFR,OWNER OCCUPIED,1598.0,1598.0,,3.0,2.0,2.0,,6.0,,1.0,,,AVERAGE,WOOD,19250.0,0.4419192,175.0,110.0,,,,,,,,,38.700225,-93.284104,,"4040 PAR 4 DR, SEDALIA, MO 65301",ExaStr,ATTOM Data API,2025-07-15,16:06:48
,"4060 Par 5 Dr, Sedalia, MO 65301",4060 Par 5 Dr,Sedalia,MO,65301,"4060 Par 5 Dr, Sedalia, MO 65301",Google Maps List Scraper,2025-07-11,15:22:01,,29159,14-1.0-01-0-00-042.000,1989.0,SFR,Residential,Single Family Residence / Townhouse,SFR,OWNER OCCUPIED,1631.0,1631.0,,3.0,2.0,2.0,,6.0,,1.0,,,AVERAGE,WOOD,19074.0,0.4378788,187.0,102.0,,,,,,,,,38.701645,-93.283952,,"4060 PAR 5 DR, SEDALIA, MO 65301",ExaStr,ATTOM Data API,2025-07-15,16:06:50
,"2240 W Country Club Dr, Sedalia, MO 65301",2240 W Country Club Dr,Sedalia,MO,65301,"2240 W Country Club Dr, Sedalia, MO 65301",Google Maps List Scraper,2025-07-11,15:22:01,,29159,14-1.0-01-0-00-006.642,2014.0,SFR,Residential,Single Family Residence / Townhouse,SFR,OWNER OCCUPIED,484.0,484.0,,6.0,4.0,3.0,,10.0,,1.0,,,AVERAGE,STUCCO,38150.0,0.8758035,175.0,218.0,,,,,,,,,38.707284,-93.290430,,"2240 W COUNTRY CLUB DR, SEDALIA, MO 65301",ExaStr,ATTOM Data API,2025-07-15,16:06:53
,"2520 James Ln, Sedalia, MO 65301",2520 James Ln,Sedalia,MO,65301,"2520 James Ln, Sedalia, MO 65301",Google Maps List Scraper,2025-07-11,15:22:01,,29159,14-1.0-01-0-00-006.655,2017.0,SFR,Residential,Single Family Residence / Townhouse,SFR,OWNER OCCUPIED,3515.0,3515.0,,3.0,7.0,2.0,,9.0,,1.0,,,AVERAGE,OTHER (NOT CLASSIFIED),48613.0,1.116,221.0,206.0,,,,,,,,,38.704243,-93.288258,,"2520 JAMES LN, SEDALIA, MO 65301",ExaStr,ATTOM Data API,2025-07-15,16:06:56
,"4099 Par 5 Dr, Sedalia, MO 65301",4099 Par 5 Dr,Sedalia,MO,65301,"4099 Par 5 Dr, Sedalia, MO 65301",Google Maps List Scraper,2025-07-11,15:22:01,,29159,14-1.0-01-0-00-009.000,1991.0,SFR,Residential,Single Family Residence / Townhouse,SFR,OWNER OCCUPIED,1813.0,1813.0,,4.0,3.0,3.0,,9.0,,1.0,,,AVERAGE,WOOD,54232.0,1.245,382.0,142.0,,,,,,,,,38.703363,-93.284624,,"4099 PAR 5 DR, SEDALIA, MO 65301",ExaStr,ATTOM Data API,2025-07-15,16:06:58
,"4089 Par 5 Dr, Sedalia, MO 65301",4089 Par 5 Dr,Sedalia,MO,65301,"4089 Par 5 Dr, Sedalia, MO 65301",Google Maps List Scraper,2025-07-11,15:22:01,,29159,14-1.0-01-0-00-008.000,1993.0,SFR,Residential,Single Family Residence / Townhouse,SFR,OWNER OCCUPIED,1538.0,1538.0,,3.0,2.0,2.0,,6.0,,1.0,,,AVERAGE,STUCCO,55278.0,1.269,419.0,101.0,,,,,,,,,38.703171,-93.284162,,"4089 PAR 5 DR, SEDALIA, MO 65301",ExaStr,ATTOM Data API,2025-07-15,16:07:01
,"4025 Par 5 Dr, Sedalia, MO 65301",4025 Par 5 Dr,Sedalia,MO,65301,"4025 Par 5 Dr, Sedalia, MO 65301",Google Maps List Scraper,2025-07-11,15:22:01,,29159,14-1.0-01-0-00-025.000,1988.0,SFR,Residential,Single Family Residence / Townhouse,SFR,OWNER OCCUPIED,1618.0,1618.0,,3.0,2.0,2.0,,6.0,,1.0,,,AVERAGE,WOOD,23750.0,0.545225,190.0,125.0,,,,,,,,,38.700644,-93.283180,,"4025 PAR 5 DR, SEDALIA, MO 65301",ExaStr,ATTOM Data API,2025-07-15,16:07:04
,"2535 James Ln, Sedalia, MO 65301",2535 James Ln,Sedalia,MO,65301,"2535 James Ln, Sedalia, MO 65301",Google Maps List Scraper,2025-07-11,15:22:01,,29159,14-1.0-01-0-00-006.672,2019.0,SFR,Residential,Single Family Residence / Townhouse,SFR,OWNER OCCUPIED,2298.0,2298.0,,4.0,6.0,3.0,,8.0,,1.0,,,AVERAGE,WOOD,69522.0,1.596,316.0,220.0,,,,,,,,,38.705232,-93.287098,,"2535 JAMES LN, SEDALIA, MO 65301",ExaStr,ATTOM Data API,2025-07-15,16:07:07
,"4080 Par 5 Dr, Sedalia, MO 65301",4080 Par 5 Dr,Sedalia,MO,65301,"4080 Par 5 Dr, Sedalia, MO 65301",Google Maps List Scraper,2025-07-11,15:22:01,,29159,14-1.0-01-0-00-043.000,1991.0,SFR,Residential,Single Family Residence / Townhouse,SFR,OWNER OCCUPIED,1630.0,1630.0,,3.0,2.0,2.0,,6.0,,1.0,,,AVERAGE,METAL,23000.0,0.5280073,184.0,125.0,,,,,,,,,38.701990,-93.284028,,"4080 PAR 5 DR, SEDALIA, MO 65301",ExaStr,ATTOM Data API,2025-07-15,16:07:09
,"1520 Fairway Dr, Sedalia, MO 65301",1520 Fairway Dr,Sedalia,MO,65301,"1520 Fairway Dr, Sedalia, MO 65301",Google Maps List Scraper,2025-07-11,15:22:01,,29159,14-1.0-01-0-00-033.000,1990.0,SFR,Residential,Single Family Residence / Townhouse,SFR,OWNER OCCUPIED,2188.0,2188.0,,8.0,7.0,4.0,,14.0,,1.0,,,AVERAGE,WOOD,23370.0,0.5365014,190.0,123.0,,,,,,,,,38.702370,-93.284633,,"1520 FAIRWAY DR, SEDALIA, MO 65301",ExaStr,ATTOM Data API,2025-07-15,16:07:12
,"4075 Par 5 Dr, Sedalia, MO 65301",4075 Par 5 Dr,Sedalia,MO,65301,"4075 Par 5 Dr, Sedalia, MO 65301",Google Maps List Scraper,2025-07-11,15:22:01,,29159,14-1.0-01-0-00-030.000,1990.0,SFR,Residential,Single Family Residence / Townhouse,SFR,OWNER OCCUPIED,1701.0,1701.0,,3.0,3.0,2.0,,6.0,,1.0,,,AVERAGE,ALUMINUM/VINYL,22310.0,0.5121671,194.0,115.0,,,,,,,,,38.702134,-93.283225,,"4075 PAR 5 DR, SEDALIA, MO 65301",ExaStr,ATTOM Data API,2025-07-15,16:07:15
,"1525 Fairway Dr, Sedalia, MO 65301",1525 Fairway Dr,Sedalia,MO,65301,"1525 Fairway Dr, Sedalia, MO 65301",Google Maps List Scraper,2025-07-11,15:22:01,,29159,14-1.0-01-0-00-013.000,1989.0,SFR,Residential,Single Family Residence / Townhouse,SFR,OWNER OCCUPIED,2245.0,2245.0,,4.0,3.0,2.0,,9.0,,2.0,,,AVERAGE,BRICK,19000.0,0.43618,190.0,100.0,,,,,,,,,38.702252,-93.285443,,"1525 FAIRWAY DR, SEDALIA, MO 65301",ExaStr,ATTOM Data API,2025-07-15,16:07:18
,"2710 James Ln, Sedalia, MO 65301",2710 James Ln,Sedalia,MO,65301,"2710 James Ln, Sedalia, MO 65301",Google Maps List Scraper,2025-07-11,15:22:01,,29159,14-1.0-01-0-00-006.693,2018.0,SFR,Residential,Single Family Residence / Townhouse,SFR,OWNER OCCUPIED,2402.0,2402.0,,2.0,5.0,2.0,,,,1.0,,,AVERAGE,COMPOSITION/COMPOSITE,91389.0,2.098,336.0,272.0,,,,,,,,,38.706918,-93.286193,,"2710 JAMES LN, SEDALIA, MO 65301",ExaStr,ATTOM Data API,2025-07-15,16:07:20
,"1550 N Hedge Apple Dr, Sedalia, MO 65301",1550 N Hedge Apple Dr,Sedalia,MO,65301,"1550 N Hedge Apple Dr, Sedalia, MO 65301",Google Maps List Scraper,2025-07-11,15:22:01,,29159,14-1.0-01-0-00-058.000,1992.0,SFR,Residential,Single Family Residence / Townhouse,SFR,OWNER OCCUPIED,2180.0,2180.0,,4.0,4.0,3.0,,6.0,,2.0,,,AVERAGE,ALUMINUM/VINYL,22040.0,0.5059688,190.0,116.0,,,,,,,,,38.701427,-93.287932,,"1550 N HEDGE APPLE DR, SEDALIA, MO 65301",ExaStr,ATTOM Data API,2025-07-15,16:07:23
,"2320 W Country Club Dr, Sedalia, MO 65301",2320 W Country Club Dr,Sedalia,MO,65301,"2320 W Country Club Dr, Sedalia, MO 65301",Google Maps List Scraper,2025-07-11,15:22:01,,29159,14-1.0-01-0-00-006.629,2005.0,SFR,Residential,Single Family Residence / Townhouse,SFR,OWNER OCCUPIED,2466.0,2466.0,,4.0,6.0,3.0,,15.0,,1.0,,,AVERAGE,ALUMINUM/VINYL,38745.0,0.8894628,205.0,189.0,,,,,,,,,38.704645,-93.291787,,"2320 W COUNTRY CLUB DR, SEDALIA, MO 65301",ExaStr,ATTOM Data API,2025-07-15,16:07:26
,"2315 W Country Club Dr, Sedalia, MO 65301",2315 W Country Club Dr,Sedalia,MO,65301,"2315 W Country Club Dr, Sedalia, MO 65301",Google Maps List Scraper,2025-07-11,15:22:01,,29159,14-1.0-01-0-00-006.630,2006.0,SFR,Residential,Single Family Residence / Townhouse,SFR,OWNER OCCUPIED,2372.0,2372.0,,5.0,7.0,3.0,,12.0,,1.0,,,AVERAGE,,38745.0,0.8894628,205.0,189.0,,,,,,,,,38.705153,-93.291013,,"2315 W COUNTRY CLUB DR, SEDALIA, MO 65301",ExaStr,ATTOM Data API,2025-07-15,16:07:29
,"2275 W Country Club Dr, Sedalia, MO 65301",2275 W Country Club Dr,Sedalia,MO,65301,"2275 W Country Club Dr, Sedalia, MO 65301",Google Maps List Scraper,2025-07-11,15:22:01,,,,,,,,,,,,,,,,,,,,,,,,,,,,,,,,,,,,,,,,,ATTOM Data API,2025-07-15,16:07:30
,"2260 W Country Club Dr, Sedalia, MO 65301",2260 W Country Club Dr,Sedalia,MO,65301,"2260 W Country Club Dr, Sedalia, MO 65301",Google Maps List Scraper,2025-07-11,15:22:01,,29159,14-1.0-01-0-00-006.638,2004.0,SFR,Residential,Single Family Residence / Townhouse,SFR,OWNER OCCUPIED,2277.0,2277.0,,5.0,7.0,4.0,,12.0,,1.0,,,AVERAGE,ALUMINUM/VINYL,37989.0,0.8721074,189.0,201.0,,,,,,,,,38.707348,-93.291913,,"2260 W COUNTRY CLUB DR, SEDALIA, MO 65301",ExaStr,ATTOM Data API,2025-07-15,16:07:33
,"1553 N Hedge Apple Dr, Sedalia, MO 65301",1553 N Hedge Apple Dr,Sedalia,MO,65301,"1553 N Hedge Apple Dr, Sedalia, MO 65301",Google Maps List Scraper,2025-07-11,15:22:01,,29159,14-1.0-01-0-00-072.000,1993.0,SFR,Residential,Single Family Residence / Townhouse,SFR,OWNER OCCUPIED,2102.0,2102.0,,3.0,5.0,3.0,,8.0,,2.0,,,AVERAGE,ALUMINUM/VINYL,33592.0,0.7711662,152.0,221.0,,,,,,,,,38.701483,-93.288593,,"1553 N HEDGE APPLE DR, SEDALIA, MO 65301",ExaStr,ATTOM Data API,2025-07-15,16:07:36
,"1530 Fairway Dr, Sedalia, MO 65301",1530 Fairway Dr,Sedalia,MO,65301,"1530 Fairway Dr, Sedalia, MO 65301",Google Maps List Scraper,2025-07-11,15:22:01,,29159,14-1.0-01-0-00-034.000,1994.0,SFR,Residential,Single Family Residence / Townhouse,SFR,OWNER OCCUPIED,1568.0,1568.0,,3.0,2.0,2.0,,6.0,,1.0,,,AVERAGE,ALUMINUM/VINYL,20900.0,0.479798,190.0,110.0,,,,,,,,,38.702041,-93.284607,,"1530 FAIRWAY DR, SEDALIA, MO 65301",ExaStr,ATTOM Data API,2025-07-15,16:07:39
,"1535 Fairway Dr, Sedalia, MO 65301",1535 Fairway Dr,Sedalia,MO,65301,"1535 Fairway Dr, Sedalia, MO 65301",Google Maps List Scraper,2025-07-11,15:22:01,,29159,14-1.0-01-0-00-014.000,1993.0,SFR,Residential,Single Family Residence / Townhouse,SFR,OWNER OCCUPIED,1528.0,1528.0,,4.0,2.0,2.0,,6.0,,1.0,,,AVERAGE,ALUMINUM/VINYL,19000.0,0.43618,190.0,100.0,,,,,,,,,38.701979,-93.285462,,"1535 FAIRWAY DR, SEDALIA, MO 65301",ExaStr,ATTOM Data API,2025-07-15,16:07:41
,"2525 James Ln, Sedalia, MO 65301",2525 James Ln,Sedalia,MO,65301,"2525 James Ln, Sedalia, MO 65301",Google Maps List Scraper,2025-07-11,15:22:01,,29159,14-1.0-01-0-00-006.671,2010.0,SFR,Residential,Single Family Residence / Townhouse,SFR,OWNER OCCUPIED,3399.0,3399.0,,4.0,6.0,4.0,,,,2.0,,,AVERAGE,WOOD,38988.0,0.8950413,342.0,114.0,,,,,,,,,38.705270,-93.287753,,"2525 JAMES LN, SEDALIA, MO 65301",ExaStr,ATTOM Data API,2025-07-15,16:07:44
,"1495 Shady Ln, Sedalia, MO 65301",1495 Shady Ln,Sedalia,MO,65301,"1495 Shady Ln, Sedalia, MO 65301",Google Maps List Scraper,2025-07-11,15:22:01,,29159,14-1.0-01-0-00-006.105,1998.0,SFR,Residential,Single Family Residence / Townhouse,SFR,ABSENTEE(MAIL AND SITUS NOT =),2272.0,2272.0,,4.0,5.0,2.0,,6.0,,1.0,,,AVERAGE,BRICK,92783.0,2.13,,,,,,,,,,,38.703972,-93.292490,,"1495 SHADY LN, SEDALIA, MO 65301",ExaStr,ATTOM Data API,2025-07-15,16:07:47
,"4225 Par 5 Dr, Sedalia, MO 65301",4225 Par 5 Dr,Sedalia,MO,65301,"4225 Par 5 Dr, Sedalia, MO 65301",Google Maps List Scraper,2025-07-11,15:22:01,,29159,14-1.0-01-0-00-080.000,1994.0,SFR,Residential,Single Family Residence / Townhouse,SFR,OWNER OCCUPIED,2402.0,2402.0,,3.0,4.0,3.0,,9.0,,1.0,,,AVERAGE,BRICK,38850.0,0.8918733,370.0,105.0,,,,,,,,,38.703370,-93.286622,,"4225 PAR 5 DR, SEDALIA, MO 65301",ExaStr,ATTOM Data API,2025-07-15,16:07:50
,"2530 James Ln, Sedalia, MO 65301",2530 James Ln,Sedalia,MO,65301,"2530 James Ln, Sedalia, MO 65301",Google Maps List Scraper,2025-07-11,15:22:01,,29159,14-1.0-01-0-00-006.656,2017.0,SFR,Residential,Single Family Residence / Townhouse,SFR,OWNER OCCUPIED,3634.0,3634.0,,3.0,3.0,3.0,,8.0,,1.0,,,AVERAGE,WOOD,73791.0,1.694,283.0,261.0,,,,,,,,,38.704303,-93.287417,,"2530 JAMES LN, SEDALIA, MO 65301",ExaStr,ATTOM Data API,2025-07-15,16:07:52
,"2665 James Ln, Sedalia, MO 65301",2665 James Ln,Sedalia,MO,65301,"2665 James Ln, Sedalia, MO 65301",Google Maps List Scraper,2025-07-11,15:22:01,,29159,14-1.0-01-0-00-006.685,2021.0,SFR,Residential,Single Family Residence / Townhouse,SFR,OWNER OCCUPIED,2088.0,2088.0,,,3.0,3.0,,,,1.0,,,AVERAGE,COMPOSITION/COMPOSITE,40310.0,0.9253903,290.0,139.0,,,,,,,,,38.705967,-93.283922,,"2665 JAMES LN, SEDALIA, MO 65301",ExaStr,ATTOM Data API,2025-07-15,16:07:55
,"4030 Par 4 Dr, Sedalia, MO 65301",4030 Par 4 Dr,Sedalia,MO,65301,"4030 Par 4 Dr, Sedalia, MO 65301",Google Maps List Scraper,2025-07-11,15:22:01,,29159,14-1.0-01-0-00-023.000,1989.0,SFR,Residential,Single Family Residence / Townhouse,SFR,OWNER OCCUPIED,1650.0,1650.0,,3.0,2.0,2.0,,5.0,,1.0,,,AVERAGE,WOOD,20207.0,0.4638889,167.0,121.0,,,,,,,,,38.700180,-93.283707,,"4030 PAR 4 DR, SEDALIA, MO 65301",ExaStr,ATTOM Data API,2025-07-15,16:07:58
,"2185 W Country Club Dr, Sedalia, MO 65301",2185 W Country Club Dr,Sedalia,MO,65301,"2185 W Country Club Dr, Sedalia, MO 65301",Google Maps List Scraper,2025-07-11,15:22:01,,29159,14-1.0-01-0-00-006.517,2003.0,SFR,Residential,Single Family Residence / Townhouse,SFR,OWNER OCCUPIED,2253.0,2253.0,,4.0,6.0,3.0,,9.0,,1.0,,,AVERAGE,ALUMINUM/VINYL,38606.0,0.8862718,194.0,199.0,,,,,,,,,38.703577,-93.289882,,"2185 W COUNTRY CLUB DR, SEDALIA, MO 65301",ExaStr,ATTOM Data API,2025-07-15,16:08:01
,"2350 W Country Club Dr, Sedalia, MO 65301",2350 W Country Club Dr,Sedalia,MO,65301,"2350 W Country Club Dr, Sedalia, MO 65301",Google Maps List Scraper,2025-07-11,15:22:01,,29159,14-1.0-01-0-00-006.506,2011.0,SFR,Residential,Single Family Residence / Townhouse,SFR,OWNER OCCUPIED,2422.0,2422.0,,4.0,6.0,4.0,,,,1.0,,,AVERAGE,WOOD,38606.0,0.8862718,194.0,199.0,,,,,,,,,38.703011,-93.291486,,"2350 W COUNTRY CLUB DR, SEDALIA, MO 65301",ExaStr,ATTOM Data API,2025-07-15,16:08:03
,"4235 Green Cir, Sedalia, MO 65301",4235 Green Cir,Sedalia,MO,65301,"4235 Green Cir, Sedalia, MO 65301",Google Maps List Scraper,2025-07-11,15:22:01,,29159,14-1.0-01-0-00-060.000,1995.0,SFR,Residential,Single Family Residence / Townhouse,SFR,OWNER OCCUPIED,2203.0,2203.0,,3.0,3.0,3.0,,7.0,,2.0,,,AVERAGE,WOOD,22144.0,0.5083563,173.0,113.0,,,,,,,,,38.700928,-93.287261,,"4235 GREEN CIR, SEDALIA, MO 65301",ExaStr,ATTOM Data API,2025-07-15,16:08:06
,"2685 James Ln, Sedalia, MO 65301",2685 James Ln,Sedalia,MO,65301,"2685 James Ln, Sedalia, MO 65301",Google Maps List Scraper,2025-07-11,15:22:01,,29159,14-1.0-01-0-00-006.687,,RESIDENTIAL - VACANT LAND,Residential,Vacant,RESIDENTIAL - VACANT LAND,OWNER OCCUPIED,,,,,,,,,,,,,AVERAGE,,40449.0,0.9285813,291.0,139.0,,,,,,,,,38.705992,-93.284903,,"2685 JAMES LN, SEDALIA, MO 65301",ExaStr,ATTOM Data API,2025-07-15,16:08:10
,"2380 W Country Club Dr, Sedalia, MO 65301",2380 W Country Club Dr,Sedalia,MO,65301,"2380 W Country Club Dr, Sedalia, MO 65301",Google Maps List Scraper,2025-07-11,15:22:01,,29159,14-1.0-01-0-00-006.503,2002.0,SFR,Residential,Single Family Residence / Townhouse,SFR,OWNER OCCUPIED,2293.0,2293.0,,3.0,4.0,2.0,,9.0,,1.0,,,AVERAGE,ALUMINUM/VINYL,38606.0,0.8862718,194.0,199.0,,,,,,,,,38.701389,-93.291579,,"2380 W COUNTRY CLUB DR, SEDALIA, MO 65301",ExaStr,ATTOM Data API,2025-07-15,16:08:13
,"1585 Par 3 Dr, Sedalia, MO 65301",1585 Par 3 Dr,Sedalia,MO,65301,"1585 Par 3 Dr, Sedalia, MO 65301",Google Maps List Scraper,2025-07-11,15:22:01,,29159,14-1.0-01-0-00-068.000,1996.0,SFR,Residential,Single Family Residence / Townhouse,SFR,OWNER OCCUPIED,1577.0,1577.0,,5.0,3.0,3.0,,7.0,,1.0,,,AVERAGE,ALUMINUM/VINYL,21291.0,0.4887741,151.0,117.0,,,,,,,,,38.700349,-93.288178,,"1585 PAR 3 DR, SEDALIA, MO 65301",ExaStr,ATTOM Data API,2025-07-15,16:08:15
,"1465 Shady Ln, Sedalia, MO 65301",1465 Shady Ln,Sedalia,MO,65301,"1465 Shady Ln, Sedalia, MO 65301",Google Maps List Scraper,2025-07-11,15:22:01,,29159,14-1.0-01-0-00-006.106,1996.0,SFR,Residential,Single Family Residence / Townhouse,SFR,OWNER OCCUPIED,3845.0,3845.0,,4.0,5.0,3.0,,8.0,,2.0,,,AVERAGE,BRICK,100188.0,2.3,,,,,,,,,,,38.705385,-93.293397,,"1465 SHADY LN, SEDALIA, MO 65301",ExaStr,ATTOM Data API,2025-07-15,16:08:18
,"4226 Par 5 Dr, Sedalia, MO 65301",4226 Par 5 Dr,Sedalia,MO,65301,"4226 Par 5 Dr, Sedalia, MO 65301",Google Maps List Scraper,2025-07-11,15:22:01,,29159,14-1.0-01-0-00-044.000,1994.0,SFR,Residential,Single Family Residence / Townhouse,SFR,OWNER OCCUPIED,1872.0,1872.0,,3.0,4.0,3.0,,9.0,,1.0,,,AVERAGE,BRICK,19575.0,0.4493802,145.0,135.0,,,,,,,,,38.702528,-93.286663,,"4226 PAR 5 DR, SEDALIA, MO 65301",ExaStr,ATTOM Data API,2025-07-15,16:08:21
,"2600 James Ln, Sedalia, MO 65301",2600 James Ln,Sedalia,MO,65301,"2600 James Ln, Sedalia, MO 65301",Google Maps List Scraper,2025-07-11,15:22:01,,29159,14-1.0-01-0-00-006.663,2009.0,SFR,Residential,Single Family Residence / Townhouse,SFR,ABSENTEE(MAIL AND SITUS NOT =),1667.0,1667.0,,3.0,3.0,2.0,,,,1.0,,,AVERAGE,WOOD,21910.0,0.5029844,313.0,70.0,,,,,,,,,38.704199,-93.283706,,"2600 JAMES LN, SEDALIA, MO 65301",ExaStr,ATTOM Data API,2025-07-15,16:08:23
,"2680 James Ln, Sedalia, MO 65301",2680 James Ln,Sedalia,MO,65301,"2680 James Ln, Sedalia, MO 65301",Google Maps List Scraper,2025-07-11,15:22:01,,29159,14-1.0-01-0-00-006.702,2020.0,SFR,Residential,Single Family Residence / Townhouse,SFR,OWNER OCCUPIED,2070.0,2070.0,,3.0,3.0,2.0,,5.0,,1.0,,,AVERAGE,COMPOSITION/COMPOSITE,43400.0,0.9963269,310.0,140.0,,,,,,,,,38.706853,-93.284471,,"2680 JAMES LN, SEDALIA, MO 65301",ExaStr,ATTOM Data API,2025-07-15,16:08:26
,"2385 W Country Club Dr, Sedalia, MO 65301",2385 W Country Club Dr,Sedalia,MO,65301,"2385 W Country Club Dr, Sedalia, MO 65301",Google Maps List Scraper,2025-07-11,15:22:01,,29159,14-1.0-01-0-00-006.512,2005.0,SFR,Residential,Single Family Residence / Townhouse,SFR,OWNER OCCUPIED,4268.0,4268.0,,3.0,6.0,3.0,,14.0,,2.0,,,AVERAGE,STUCCO,51793.0,1.189,194.0,267.0,,,,,,,,,38.701262,-93.290744,,"2385 W COUNTRY CLUB DR, SEDALIA, MO 65301",ExaStr,ATTOM Data API,2025-07-15,16:08:29
,"4190 Green Cir, Sedalia, MO 65301",4190 Green Cir,Sedalia,MO,65301,"4190 Green Cir, Sedalia, MO 65301",Google Maps List Scraper,2025-07-11,15:22:01,,29159,14-1.0-01-0-00-062.000,2001.0,SFR,Residential,Single Family Residence / Townhouse,SFR,OWNER OCCUPIED,1680.0,1680.0,,4.0,2.0,2.0,,9.0,,1.0,,,AVERAGE,ALUMINUM/VINYL,22120.0,0.5078053,158.0,70.0,,,,,,,,,38.701061,-93.286308,,"4190 GREEN CIR, SEDALIA, MO 65301",ExaStr,ATTOM Data API,2025-07-15,16:08:32
,"2345 W Country Club Dr, Sedalia, MO 65301",2345 W Country Club Dr,Sedalia,MO,65301,"2345 W Country Club Dr, Sedalia, MO 65301",Google Maps List Scraper,2025-07-11,15:22:01,,29159,14-1.0-01-0-00-006.508,2002.0,SFR,Residential,Single Family Residence / Townhouse,SFR,OWNER OCCUPIED,1868.0,1868.0,,3.0,5.0,2.0,,8.0,,1.0,,,AVERAGE,ALUMINUM/VINYL,38606.0,0.8862718,194.0,199.0,,,,,,,,,38.703593,-93.290588,,"2345 W COUNTRY CLUB DR, SEDALIA, MO 65301",ExaStr,ATTOM Data API,2025-07-15,16:08:35
,"2230 W Country Club Dr, Sedalia, MO 65301",2230 W Country Club Dr,Sedalia,MO,65301,"2230 W Country Club Dr, Sedalia, MO 65301",Google Maps List Scraper,2025-07-11,15:22:01,,29159,14-1.0-01-0-00-006.652,2022.0,SFR,Residential,Single Family Residence / Townhouse,SFR,OWNER OCCUPIED,2712.0,2712.0,,4.0,4.0,3.0,,,,1.0,,,AVERAGE,COMPOSITION/COMPOSITE,57673.0,1.324,,,,,,,,,,,38.706485,-93.289701,,"2230 W COUNTRY CLUB DR, SEDALIA, MO 65301",ExaStr,ATTOM Data API,2025-07-15,16:08:37
,"4176 Par 5 Dr, Sedalia, MO 65301",4176 Par 5 Dr,Sedalia,MO,65301,"4176 Par 5 Dr, Sedalia, MO 65301",Google Maps List Scraper,2025-07-11,15:22:01,,29159,14-1.0-01-0-00-043.001,1990.0,SFR,Residential,Single Family Residence / Townhouse,SFR,OWNER OCCUPIED,2800.0,2800.0,,4.0,4.0,3.0,,8.0,,2.0,,,AVERAGE,WOOD,21850.0,0.501607,115.0,190.0,,,,,,,,,38.702544,-93.286083,,"4176 PAR 5 DR, SEDALIA, MO 65301",ExaStr,ATTOM Data API,2025-07-15,16:08:40
,"2210 W Country Club Dr, Sedalia, MO 65301",2210 W Country Club Dr,Sedalia,MO,65301,"2210 W Country Club Dr, Sedalia, MO 65301",Google Maps List Scraper,2025-07-11,15:22:01,,29159,14-1.0-01-0-00-006.650,2010.0,SFR,Residential,Single Family Residence / Townhouse,SFR,OWNER OCCUPIED,2240.0,2240.0,,4.0,6.0,3.0,,11.0,,1.0,,,AVERAGE,ALUMINUM/VINYL,39130.0,0.8983012,215.0,182.0,,,,,,,,,38.705255,-93.289378,,"2210 W COUNTRY CLUB DR, SEDALIA, MO 65301",ExaStr,ATTOM Data API,2025-07-15,16:08:43
,"2375 W Country Club Dr, Sedalia, MO 65301",2375 W Country Club Dr,Sedalia,MO,65301,"2375 W Country Club Dr, Sedalia, MO 65301",Google Maps List Scraper,2025-07-11,15:22:01,,29159,14-1.0-01-0-00-006.511,2006.0,SFR,Residential,Single Family Residence / Townhouse,SFR,OWNER OCCUPIED,3317.0,3317.0,,4.0,8.0,3.0,,7.0,,1.0,,,AVERAGE,BRICK,38606.0,0.8862718,194.0,199.0,,,,,,,,,38.701930,-93.290699,,"2375 W COUNTRY CLUB DR, SEDALIA, MO 65301",ExaStr,ATTOM Data API,2025-07-15,16:08:46
,"1595 Fairway Dr, Sedalia, MO 65301",1595 Fairway Dr,Sedalia,MO,65301,"1595 Fairway Dr, Sedalia, MO 65301",Google Maps List Scraper,2025-07-11,15:22:01,,29159,14-1.0-01-0-00-019.001,1996.0,SFR,Residential,Single Family Residence / Townhouse,SFR,OWNER OCCUPIED,3152.0,3152.0,,4.0,6.0,3.0,,9.0,,2.0,,,AVERAGE,WOOD,30400.0,0.697888,190.0,160.0,,,,,,,,,38.700251,-93.285610,,"1595 FAIRWAY DR, SEDALIA, MO 65301",ExaStr,ATTOM Data API,2025-07-15,16:08:48
,"1525 Shady Ln, Sedalia, MO 65301",1525 Shady Ln,Sedalia,MO,65301,"1525 Shady Ln, Sedalia, MO 65301",Google Maps List Scraper,2025-07-11,15:22:01,,29159,14-1.0-01-0-00-006.103,2002.0,SFR,Residential,Single Family Residence / Townhouse,SFR,OWNER OCCUPIED,3158.0,3158.0,,4.0,6.0,4.0,,11.0,,1.0,,,AVERAGE,BRICK,108900.0,2.5,,,,,,,,,,,38.702594,-93.292687,,"1525 SHADY LN, SEDALIA, MO 65301",ExaStr,ATTOM Data API,2025-07-15,16:08:51
,"2515 James Ln, Sedalia, MO 65301",2515 James Ln,Sedalia,MO,65301,"2515 James Ln, Sedalia, MO 65301",Google Maps List Scraper,2025-07-11,15:22:01,,29159,14-1.0-01-0-00-006.670,2007.0,SFR,Residential,Single Family Residence / Townhouse,SFR,OWNER OCCUPIED,2359.0,2359.0,,5.0,4.0,3.0,,6.0,,1.0,,,AVERAGE,ALUMINUM/VINYL,53753.0,1.234,384.0,140.0,,,,,,,,,38.705205,-93.288264,,"2515 JAMES LN, SEDALIA, MO 65301",ExaStr,ATTOM Data API,2025-07-15,16:08:54
,"2585 James Ln, Sedalia, MO 65301",2585 James Ln,Sedalia,MO,65301,"2585 James Ln, Sedalia, MO 65301",Google Maps List Scraper,2025-07-11,15:22:01,,29159,14-1.0-01-0-00-006.677,2015.0,SFR,Residential,Single Family Residence / Townhouse,SFR,OWNER OCCUPIED,2148.0,2148.0,,,4.0,3.0,,,,1.0,,,AVERAGE,ALUMINUM/VINYL,43778.0,1.005,315.0,139.0,,,,,,,,,38.705138,-93.283995,,"2585 JAMES LN, SEDALIA, MO 65301",ExaStr,ATTOM Data API,2025-07-15,16:08:57
,"2575 James Ln, Sedalia, MO 65301",2575 James Ln,Sedalia,MO,65301,"2575 James Ln, Sedalia, MO 65301",Google Maps List Scraper,2025-07-11,15:22:01,,29159,14-1.0-01-0-00-006.676,2014.0,SFR,Residential,Single Family Residence / Townhouse,SFR,OWNER OCCUPIED,2024.0,2024.0,,4.0,2.0,2.0,,,,1.0,,,AVERAGE,ALUMINUM/VINYL,43778.0,1.005,315.0,139.0,,,,,,,,,38.705150,-93.284485,,"2575 JAMES LN, SEDALIA, MO 65301",ExaStr,ATTOM Data API,2025-07-15,16:08:59
,"2165 W Country Club Dr, Sedalia, MO 65301",2165 W Country Club Dr,Sedalia,MO,65301,"2165 W Country Club Dr, Sedalia, MO 65301",Google Maps List Scraper,2025-07-11,15:22:01,,29159,14-1.0-01-0-00-006.515,2006.0,SFR,Residential,Single Family Residence / Townhouse,SFR,OWNER OCCUPIED,2384.0,2384.0,,4.0,6.0,4.0,,12.0,,1.0,,,AVERAGE,COMPOSITION/COMPOSITE,38606.0,0.8862718,194.0,199.0,,,,,,,,,38.702484,-93.289950,,"2165 W COUNTRY CLUB DR, SEDALIA, MO 65301",ExaStr,ATTOM Data API,2025-07-15,16:09:02
,"2760 James Ln, Sedalia, MO 65301",2760 James Ln,Sedalia,MO,65301,"2760 James Ln, Sedalia, MO 65301",Google Maps List Scraper,2025-07-11,15:22:01,,29159,14-1.0-01-0-00-006.653,2017.0,SFR,Residential,Single Family Residence / Townhouse,SFR,OWNER OCCUPIED,2586.0,2586.0,,3.0,2.0,2.0,,6.0,,1.0,,,AVERAGE,WOOD,38675.0,0.8878558,175.0,221.0,,,,,,,,,38.707260,-93.289702,,"2760 JAMES LN, SEDALIA, MO 65301",ExaStr,ATTOM Data API,2025-07-15,16:09:05
,"1565 Fairway Dr, Sedalia, MO 65301",1565 Fairway Dr,Sedalia,MO,65301,"1565 Fairway Dr, Sedalia, MO 65301",Google Maps List Scraper,2025-07-11,15:22:01,,29159,14-1.0-01-0-00-017.000,1989.0,SFR,Residential,Single Family Residence / Townhouse,SFR,OWNER OCCUPIED,1932.0,1932.0,,4.0,3.0,3.0,,9.0,,1.0,,,AVERAGE,WOOD,19000.0,0.43618,190.0,100.0,,,,,,,,,38.701151,-93.285526,,"1565 FAIRWAY DR, SEDALIA, MO 65301",ExaStr,ATTOM Data API,2025-07-15,16:09:08
,"2590 James Ln, Sedalia, MO 65301",2590 James Ln,Sedalia,MO,65301,"2590 James Ln, Sedalia, MO 65301",Google Maps List Scraper,2025-07-11,15:22:01,,29159,14-1.0-01-0-00-006.662,2010.0,SFR,Residential,Single Family Residence / Townhouse,SFR,OWNER OCCUPIED,1812.0,1812.0,,4.0,2.0,2.0,,7.0,,1.0,,,AVERAGE,ALUMINUM/VINYL,21910.0,0.5029844,313.0,70.0,,,,,,,,,38.704212,-93.284196,,"2590 JAMES LN, SEDALIA, MO 65301",ExaStr,ATTOM Data API,2025-07-15,16:09:10
,"2390 W Country Club Dr, Sedalia, MO 65301",2390 W Country Club Dr,Sedalia,MO,65301,"2390 W Country Club Dr, Sedalia, MO 65301",Google Maps List Scraper,2025-07-11,15:22:01,,29159,14-1.0-01-0-00-006.502,2003.0,SFR,Residential,Single Family Residence / Townhouse,SFR,OWNER OCCUPIED,2197.0,2197.0,,5.0,5.0,3.0,,9.0,,1.0,,,AVERAGE,ALUMINUM/VINYL,38400.0,0.8815427,240.0,160.0,,,,,,,,,38.700825,-93.291668,,"2390 W COUNTRY CLUB DR, SEDALIA, MO 65301",ExaStr,ATTOM Data API,2025-07-15,16:09:13
,"2110 W Country Club Dr, Sedalia, MO 65301",2110 W Country Club Dr,Sedalia,MO,65301,"2110 W Country Club Dr, Sedalia, MO 65301",Google Maps List Scraper,2025-07-11,15:22:01,,29159,14-1.0-01-0-00-006.525,2003.0,SFR,Residential,Single Family Residence / Townhouse,SFR,OWNER OCCUPIED,2667.0,2667.0,,4.0,6.0,3.0,,8.0,,1.0,,,AVERAGE,ALUMINUM/VINYL,33712.0,0.773921,196.0,172.0,,,,,,,,,38.700464,-93.290207,,"2110 W COUNTRY CLUB DR, SEDALIA, MO 65301",ExaStr,ATTOM Data API,2025-07-15,16:09:16
,"4275 Eagle Dr, Sedalia, MO 65301",4275 Eagle Dr,Sedalia,MO,65301,"4275 Eagle Dr, Sedalia, MO 65301",Google Maps List Scraper,2025-07-11,15:22:01,,29159,14-1.0-01-0-00-049.000,1996.0,SFR,Residential,Single Family Residence / Townhouse,SFR,OWNER OCCUPIED,1805.0,1805.0,,3.0,3.0,3.0,,8.0,,1.0,,,AVERAGE,BRICK,19250.0,0.4419192,175.0,110.0,,,,,,,,,38.702049,-93.287489,,"4275 EAGLE DR, SEDALIA, MO 65301",ExaStr,ATTOM Data API,2025-07-15,16:09:19
,"4266 Par 5 Dr, Sedalia, MO 65301",4266 Par 5 Dr,Sedalia,MO,65301,"4266 Par 5 Dr, Sedalia, MO 65301",Google Maps List Scraper,2025-07-11,15:22:01,,29159,14-1.0-01-0-00-046.000,1993.0,SFR,Residential,Single Family Residence / Townhouse,SFR,OWNER OCCUPIED,1776.0,1776.0,,3.0,3.0,2.0,,5.0,,1.0,,,AVERAGE,BRICK,19250.0,0.4419192,175.0,110.0,,,,,,,,,38.702530,-93.287459,,"4266 PAR 5 DR, SEDALIA, MO 65301",ExaStr,ATTOM Data API,2025-07-15,16:09:22
,"1575 Fairway Dr, Sedalia, MO 65301",1575 Fairway Dr,Sedalia,MO,65301,"1575 Fairway Dr, Sedalia, MO 65301",Google Maps List Scraper,2025-07-11,15:22:01,,29159,14-1.0-01-0-00-018.000,1990.0,SFR,Residential,Single Family Residence / Townhouse,SFR,OWNER OCCUPIED,1445.0,1445.0,,4.0,3.0,3.0,,8.0,,2.0,,,AVERAGE,WOOD,19000.0,0.43618,190.0,100.0,,,,,,,,,38.700876,-93.285548,,"1575 FAIRWAY DR, SEDALIA, MO 65301",ExaStr,ATTOM Data API,2025-07-15,16:09:24
,"1520 N Hedge Apple Dr, Sedalia, MO 65301",1520 N Hedge Apple Dr,Sedalia,MO,65301,"1520 N Hedge Apple Dr, Sedalia, MO 65301",Google Maps List Scraper,2025-07-11,15:22:01,,29159,14-1.0-01-0-00-047.000,1994.0,SFR,Residential,Single Family Residence / Townhouse,SFR,OWNER OCCUPIED,1708.0,1708.0,,3.0,2.0,2.0,,7.0,,1.0,,,AVERAGE,WOOD,20300.0,0.4660239,175.0,116.0,,,,,,,,,38.702550,-93.287856,,"1520 N HEDGE APPLE DR, SEDALIA, MO 65301",ExaStr,ATTOM Data API,2025-07-15,16:09:27
,"2155 W Country Club Dr, Sedalia, MO 65301",2155 W Country Club Dr,Sedalia,MO,65301,"2155 W Country Club Dr, Sedalia, MO 65301",Google Maps List Scraper,2025-07-11,15:22:01,,29159,14-1.0-01-0-00-006.514,2003.0,SFR,Residential,Single Family Residence / Townhouse,SFR,OWNER OCCUPIED,2690.0,2690.0,,5.0,5.0,3.0,,12.0,,1.0,,,AVERAGE,BRICK,38606.0,0.8862718,194.0,199.0,,,,,,,,,38.701917,-93.289986,,"2155 W COUNTRY CLUB DR, SEDALIA, MO 65301",ExaStr,ATTOM Data API,2025-07-15,16:09:30
,"2601 James Ln, Sedalia, MO 65301",2601 James Ln,Sedalia,MO,65301,"2601 James Ln, Sedalia, MO 65301",Google Maps List Scraper,2025-07-11,15:22:01,,29159,14-1.0-01-0-00-006.684,2011.0,SFR,Residential,Single Family Residence / Townhouse,SFR,ABSENTEE(MAIL AND SITUS NOT =),1748.0,1748.0,,3.0,3.0,2.0,,,,2.0,,,AVERAGE,,20790.0,0.4772727,315.0,66.0,,,,,,,,,38.705128,-93.283634,,"2601 JAMES LN, SEDALIA, MO 65301",ExaStr,ATTOM Data API,2025-07-15,16:09:33
,"4083 Par 5 Dr, Sedalia, MO 65301",4083 Par 5 Dr,Sedalia,MO,65301,"4083 Par 5 Dr, Sedalia, MO 65301",Google Maps List Scraper,2025-07-11,15:22:01,,29159,14-1.0-01-0-00-032.000,1994.0,SFR,Residential,Single Family Residence / Townhouse,SFR,OWNER OCCUPIED,2064.0,2064.0,,3.0,3.0,2.0,,5.0,,2.0,,,AVERAGE,ALUMINUM/VINYL,121968.0,2.8,180.0,135.0,,,,,,,,,38.703223,-93.283463,,"4083 PAR 5 DR, SEDALIA, MO 65301",ExaStr,ATTOM Data API,2025-07-15,16:09:36
,"4276 Eagle Dr, Sedalia, MO 65301",4276 Eagle Dr,Sedalia,MO,65301,"4276 Eagle Dr, Sedalia, MO 65301",Google Maps List Scraper,2025-07-11,15:22:01,,29159,14-1.0-01-0-00-057.000,1995.0,SFR,Residential,Single Family Residence / Townhouse,SFR,OWNER OCCUPIED,1514.0,1514.0,,3.0,2.0,2.0,,7.0,,1.0,,,AVERAGE,BRICK,20680.0,0.4747475,188.0,110.0,,,,,,,,,38.701412,-93.287530,,"4276 EAGLE DR, SEDALIA, MO 65301",ExaStr,ATTOM Data API,2025-07-15,16:09:38
,"2650 James Ln, Sedalia, MO 65301",2650 James Ln,Sedalia,MO,65301,"2650 James Ln, Sedalia, MO 65301",Google Maps List Scraper,2025-07-11,15:22:01,,29159,14-1.0-01-0-00-006.668,2016.0,SFR,Residential,Single Family Residence / Townhouse,SFR,OWNER OCCUPIED,2232.0,2232.0,,3.0,4.0,2.0,,6.0,,1.0,,,AVERAGE,ALUMINUM/VINYL,68999.0,1.584,276.0,250.0,,,,,,,,,38.706840,-93.282811,,"2650 JAMES LN, SEDALIA, MO 65301",ExaStr,ATTOM Data API,2025-07-15,16:09:41
,"2750 James Ln, Sedalia, MO 65301",2750 James Ln,Sedalia,MO,65301,"2750 James Ln, Sedalia, MO 65301",Google Maps List Scraper,2025-07-11,15:22:01,,29159,14-1.0-01-0-00-006.696,2018.0,SFR,Residential,Single Family Residence / Townhouse,SFR,OWNER OCCUPIED,2335.0,2335.0,,1.0,6.0,3.0,,3.0,,1.0,,,AVERAGE,COMPOSITION/COMPOSITE,50094.0,1.15,,,,,,,,,,,38.707159,-93.288959,,"2750 JAMES LN, SEDALIA, MO 65301",ExaStr,ATTOM Data API,2025-07-15,16:09:44
,"2300 W Country Club Dr, Sedalia, MO 65301",2300 W Country Club Dr,Sedalia,MO,65301,"2300 W Country Club Dr, Sedalia, MO 65301",Google Maps List Scraper,2025-07-11,15:22:01,,29159,14-1.0-01-0-00-006.633,2005.0,SFR,Residential,Single Family Residence / Townhouse,SFR,OWNER OCCUPIED,2092.0,2092.0,,4.0,6.0,3.0,,15.0,,1.0,,,AVERAGE,ALUMINUM/VINYL,41615.0,0.9553489,205.0,203.0,,,,,,,,,38.705682,-93.292244,,"2300 W COUNTRY CLUB DR, SEDALIA, MO 65301",ExaStr,ATTOM Data API,2025-07-15,16:09:47
,"1513 Fairway Dr, Sedalia, MO 65301",1513 Fairway Dr,Sedalia,MO,65301,"1513 Fairway Dr, Sedalia, MO 65301",Google Maps List Scraper,2025-07-11,15:22:01,,29159,14-1.0-01-0-00-012.000,1995.0,SFR,Residential,Single Family Residence / Townhouse,SFR,OWNER OCCUPIED,1616.0,1616.0,,3.0,4.0,2.0,,6.0,,1.0,,,AVERAGE,WOOD,19000.0,0.43618,190.0,100.0,,,,,,,,,38.702528,-93.285424,,"1513 FAIRWAY DR, SEDALIA, MO 65301",ExaStr,ATTOM Data API,2025-07-15,16:09:50
,"2675 James Ln, Sedalia, MO 65301",2675 James Ln,Sedalia,MO,65301,"2675 James Ln, Sedalia, MO 65301",Google Maps List Scraper,2025-07-11,15:22:01,,29159,14-1.0-01-0-00-006.686,2021.0,SFR,Residential,Single Family Residence / Townhouse,SFR,OWNER OCCUPIED,2201.0,2201.0,,,2.0,2.0,,,,1.0,,,AVERAGE,COMPOSITION/COMPOSITE,40379.0,0.9269743,290.0,139.0,,,,,,,,,38.705980,-93.284412,,"2675 JAMES LN, SEDALIA, MO 65301",ExaStr,ATTOM Data API,2025-07-15,16:09:52
,"1533 N Hedge Apple Dr, Sedalia, MO 65301",1533 N Hedge Apple Dr,Sedalia,MO,65301,"1533 N Hedge Apple Dr, Sedalia, MO 65301",Google Maps List Scraper,2025-07-11,15:22:01,,29159,14-1.0-01-0-00-073.000,1993.0,SFR,Residential,Single Family Residence / Townhouse,SFR,OWNER OCCUPIED,1604.0,1604.0,,3.0,2.0,2.0,,6.0,,1.0,,,AVERAGE,ALUMINUM/VINYL,18625.0,0.4275712,149.0,125.0,,,,,,,,,38.701976,-93.288555,,"1533 N HEDGE APPLE DR, SEDALIA, MO 65301",ExaStr,ATTOM Data API,2025-07-15,16:09:55
,"1540 Fairway Dr, Sedalia, MO 65301",1540 Fairway Dr,Sedalia,MO,65301,"1540 Fairway Dr, Sedalia, MO 65301",Google Maps List Scraper,2025-07-11,15:22:01,,29159,14-1.0-01-0-00-035.000,1997.0,SFR,Residential,Single Family Residence / Townhouse,SFR,OWNER OCCUPIED,2770.0,2770.0,,3.0,6.0,3.0,,7.0,,2.0,,,AVERAGE,WOOD,20900.0,0.479798,190.0,110.0,,,,,,,,,38.701743,-93.284626,,"1540 FAIRWAY DR, SEDALIA, MO 65301",ExaStr,ATTOM Data API,2025-07-15,16:09:58
,"2130 W Country Club Dr, Sedalia, MO 65301",2130 W Country Club Dr,Sedalia,MO,65301,"2130 W Country Club Dr, Sedalia, MO 65301",Google Maps List Scraper,2025-07-11,15:22:01,,29159,14-1.0-01-0-00-006.523,2005.0,SFR,Residential,Single Family Residence / Townhouse,SFR,OWNER OCCUPIED,2916.0,2916.0,,5.0,8.0,5.0,,14.0,,1.0,,,AVERAGE,COMPOSITION/COMPOSITE,37632.0,0.8639118,224.0,168.0,,,,,,,,,38.700766,-93.289177,,"2130 W COUNTRY CLUB DR, SEDALIA, MO 65301",ExaStr,ATTOM Data API,2025-07-15,16:10:01
,"2572 James Ln, Sedalia, MO 65301",2572 James Ln,Sedalia,MO,65301,"2572 James Ln, Sedalia, MO 65301",Google Maps List Scraper,2025-07-11,15:22:01,,29159,14-1.0-01-0-00-006.660,2013.0,SFR,Residential,Single Family Residence / Townhouse,SFR,OWNER OCCUPIED,2236.0,2236.0,,4.0,4.0,3.0,,3.0,,2.0,,,AVERAGE,ALUMINUM/VINYL,21910.0,0.5029844,313.0,70.0,,,,,,,,,38.704232,-93.284932,,"2572 JAMES LN, SEDALIA, MO 65301",ExaStr,ATTOM Data API,2025-07-15,16:10:03
,"4265 Par 5 Dr, Sedalia, MO 65301",4265 Par 5 Dr,Sedalia,MO,65301,"4265 Par 5 Dr, Sedalia, MO 65301",Google Maps List Scraper,2025-07-11,15:22:01,,29159,14-1.0-01-0-00-078.000,1991.0,SFR,Residential,Single Family Residence / Townhouse,SFR,OWNER OCCUPIED,2811.0,2811.0,,6.0,6.0,3.0,,13.0,,2.0,,,AVERAGE,OTHER (NOT CLASSIFIED),79628.0,1.828,362.0,220.0,,,,,,,,,38.703408,-93.287571,,"4265 PAR 5 DR, SEDALIA, MO 65301",ExaStr,ATTOM Data API,2025-07-15,16:10:06
,"2305 W Country Club Dr, Sedalia, MO 65301",2305 W Country Club Dr,Sedalia,MO,65301,"2305 W Country Club Dr, Sedalia, MO 65301",Google Maps List Scraper,2025-07-11,15:22:01,,29159,14-1.0-01-0-00-006.632,2005.0,SFR,Residential,Single Family Residence / Townhouse,SFR,OWNER OCCUPIED,2195.0,2195.0,,4.0,4.0,3.0,,10.0,,1.0,,,AVERAGE,ALUMINUM/VINYL,38745.0,0.8894628,205.0,189.0,,,,,,,,,38.705674,-93.291235,,"2305 W COUNTRY CLUB DR, SEDALIA, MO 65301",ExaStr,ATTOM Data API,2025-07-15,16:10:09
,"2582 James Ln, Sedalia, MO 65301",2582 James Ln,Sedalia,MO,65301,"2582 James Ln, Sedalia, MO 65301",Google Maps List Scraper,2025-07-11,15:22:01,,29159,14-1.0-01-0-00-006.681,2010.0,SFR,Residential,Single Family Residence / Townhouse,SFR,OWNER OCCUPIED,1785.0,1785.0,,,4.0,2.0,,,,1.0,,,AVERAGE,,21910.0,0.5029844,313.0,70.0,,,,,,,,,38.704219,-93.284442,,"2582 JAMES LN, SEDALIA, MO 65301",ExaStr,ATTOM Data API,2025-07-15,16:10:12
,"2205 W Country Club Dr, Sedalia, MO 65301",2205 W Country Club Dr,Sedalia,MO,65301,"2205 W Country Club Dr, Sedalia, MO 65301",Google Maps List Scraper,2025-07-11,15:22:01,,29159,14-1.0-01-0-00-006.646,2006.0,SFR,Residential,Single Family Residence / Townhouse,SFR,OWNER OCCUPIED,2377.0,2377.0,,3.0,7.0,3.0,,9.0,,1.0,,,AVERAGE,WOOD,38979.0,0.8948347,213.0,183.0,,,,,,,,,38.704602,-93.290014,,"2205 W COUNTRY CLUB DR, SEDALIA, MO 65301",ExaStr,ATTOM Data API,2025-07-15,16:10:14
,"4045 Par 5 Dr, Sedalia, MO 65301",4045 Par 5 Dr,Sedalia,MO,65301,"4045 Par 5 Dr, Sedalia, MO 65301",Google Maps List Scraper,2025-07-11,15:22:01,,29159,14-1.0-01-0-00-027.000,1990.0,SFR,Residential,Single Family Residence / Townhouse,SFR,OWNER OCCUPIED,1707.0,1707.0,,3.0,2.0,2.0,,8.0,,2.0,,,AVERAGE,WOOD,19000.0,0.43618,190.0,100.0,,,,,,,,,38.701230,-93.283150,,"4045 PAR 5 DR, SEDALIA, MO 65301",ExaStr,ATTOM Data API,2025-07-15,16:10:17
,"4125 Par 5 Dr, Sedalia, MO 65301",4125 Par 5 Dr,Sedalia,MO,65301,"4125 Par 5 Dr, Sedalia, MO 65301",Google Maps List Scraper,2025-07-11,15:22:01,,,,,,,,,,,,,,,,,,,,,,,,,,,,,,,,,,,,,,,,,ATTOM Data API,2025-07-15,16:10:19
,"2120 W Country Club Dr, Sedalia, MO 65301",2120 W Country Club Dr,Sedalia,MO,65301,"2120 W Country Club Dr, Sedalia, MO 65301",Google Maps List Scraper,2025-07-11,15:22:01,,29159,14-1.0-01-0-00-006.524,2005.0,SFR,Residential,Single Family Residence / Townhouse,SFR,OWNER OCCUPIED,2185.0,2185.0,,3.0,6.0,3.0,,14.0,,1.0,,,AVERAGE,ALUMINUM/VINYL,30997.0,0.7115932,223.0,139.0,,,,,,,,,38.700396,-93.289507,,"2120 W COUNTRY CLUB DR, SEDALIA, MO 65301",ExaStr,ATTOM Data API,2025-07-15,16:10:22
,"1513 N Hedge Apple Dr, Sedalia, MO 65301",1513 N Hedge Apple Dr,Sedalia,MO,65301,"1513 N Hedge Apple Dr, Sedalia, MO 65301",Google Maps List Scraper,2025-07-11,15:22:01,,29159,14-1.0-01-0-00-075.000,1991.0,SFR,Residential,Single Family Residence / Townhouse,SFR,OWNER OCCUPIED,1939.0,1939.0,,3.0,2.0,2.0,,9.0,,1.0,,,AVERAGE,BRICK,18625.0,0.4275712,149.0,125.0,,,,,,,,,38.702658,-93.288510,,"1513 N HEDGE APPLE DR, SEDALIA, MO 65301",ExaStr,ATTOM Data API,2025-07-15,16:10:24
,"4246 Par 5 Dr, Sedalia, MO 65301",4246 Par 5 Dr,Sedalia,MO,65301,"4246 Par 5 Dr, Sedalia, MO 65301",Google Maps List Scraper,2025-07-11,15:22:01,,29159,14-1.0-01-0-00-045.000,1992.0,SFR,Residential,Single Family Residence / Townhouse,SFR,OWNER OCCUPIED,3193.0,3193.0,,4.0,4.0,3.0,,10.0,,2.0,,,AVERAGE,WOOD,19250.0,0.4419192,175.0,110.0,,,,,,,,,38.702509,-93.287071,,"4246 PAR 5 DR, SEDALIA, MO 65301",ExaStr,ATTOM Data API,2025-07-15,16:10:27
,"2565 James Ln, Sedalia, MO 65301",2565 James Ln,Sedalia,MO,65301,"2565 James Ln, Sedalia, MO 65301",Google Maps List Scraper,2025-07-11,15:22:01,,29159,14-1.0-01-0-00-006.675,2015.0,SFR,Residential,Single Family Residence / Townhouse,SFR,OWNER OCCUPIED,328.0,328.0,,4.0,3.0,3.0,,6.0,,1.0,,,AVERAGE,WOOD,43778.0,1.005,315.0,139.0,,,,,,,,,38.705163,-93.284976,,"2565 JAMES LN, SEDALIA, MO 65301",ExaStr,ATTOM Data API,2025-07-15,16:10:30
,"4180 Eagle Dr, Sedalia, MO 65301",4180 Eagle Dr,Sedalia,MO,65301,"4180 Eagle Dr, Sedalia, MO 65301",Google Maps List Scraper,2025-07-11,15:22:01,,29159,14-1.0-01-0-00-051.000,1995.0,SFR,Residential,Single Family Residence / Townhouse,SFR,OWNER OCCUPIED,1662.0,1662.0,,3.0,3.0,2.0,,6.0,,1.0,,,AVERAGE,BRICK,21350.0,0.4901286,175.0,122.0,,,,,,,,,38.702086,-93.286705,,"4180 EAGLE DR, SEDALIA, MO 65301",ExaStr,ATTOM Data API,2025-07-15,16:10:32
,"1570 N Hedge Apple Dr, Sedalia, MO 65301",1570 N Hedge Apple Dr,Sedalia,MO,65301,"1570 N Hedge Apple Dr, Sedalia, MO 65301",Google Maps List Scraper,2025-07-11,15:22:01,,29159,14-1.0-01-0-00-059.000,2003.0,SFR,Residential,Single Family Residence / Townhouse,SFR,OWNER OCCUPIED,2586.0,2586.0,,5.0,6.0,3.0,,10.0,,1.0,,,AVERAGE,ALUMINUM/VINYL,33984.0,0.7801653,192.0,177.0,,,,,,,,,38.700931,-93.287765,,"1570 N HEDGE APPLE DR, SEDALIA, MO 65301",ExaStr,ATTOM Data API,2025-07-15,16:10:35
,"2670 James Ln, Sedalia, MO 65301",2670 James Ln,Sedalia,MO,65301,"2670 James Ln, Sedalia, MO 65301",Google Maps List Scraper,2025-07-11,15:22:01,,29159,14-1.0-01-0-00-006.703,2019.0,SFR,Residential,Single Family Residence / Townhouse,SFR,OWNER OCCUPIED,2144.0,2144.0,,3.0,3.0,3.0,,8.0,,1.0,,,AVERAGE,COMPOSITION/COMPOSITE,43400.0,0.9963269,310.0,140.0,,,,,,,,,38.706834,-93.283982,,"2670 JAMES LN, SEDALIA, MO 65301",ExaStr,ATTOM Data API,2025-07-15,16:10:38
,"2620 James Ln, Sedalia, MO 65301",2620 James Ln,Sedalia,MO,65301,"2620 James Ln, Sedalia, MO 65301",Google Maps List Scraper,2025-07-11,15:22:01,,29159,14-1.0-01-0-00-006.665,2021.0,SFR,Residential,Single Family Residence / Townhouse,SFR,OWNER OCCUPIED,1815.0,1815.0,,,4.0,4.0,,,,1.0,,,AVERAGE,COMPOSITION/COMPOSITE,45999.0,1.056,200.0,230.0,,,,,,,,,38.704951,-93.282815,,"2620 JAMES LN, SEDALIA, MO 65301",ExaStr,ATTOM Data API,2025-07-15,16:10:41
,"4055 Par 5 Dr, Sedalia, MO 65301",4055 Par 5 Dr,Sedalia,MO,65301,"4055 Par 5 Dr, Sedalia, MO 65301",Google Maps List Scraper,2025-07-11,15:22:01,,29159,14-1.0-01-0-00-028.000,2013.0,SFR,Residential,Single Family Residence / Townhouse,SFR,OWNER OCCUPIED,2925.0,2925.0,,5.0,5.0,4.0,,13.0,,1.0,,,AVERAGE,ALUMINUM/VINYL,19380.0,0.4449036,190.0,102.0,,,,,,,,,38.701510,-93.283126,,"4055 PAR 5 DR, SEDALIA, MO 65301",ExaStr,ATTOM Data API,2025-07-15,16:10:43
,"2602 James Ln, Sedalia, MO 65301",2602 James Ln,Sedalia,MO,65301,"2602 James Ln, Sedalia, MO 65301",Google Maps List Scraper,2025-07-11,15:22:01,,29159,14-1.0-01-0-00-006.680,2008.0,SFR,Residential,Single Family Residence / Townhouse,SFR,OWNER OCCUPIED,1767.0,1767.0,,3.0,3.0,2.0,,,,1.0,,,AVERAGE,ALUMINUM/VINYL,21910.0,0.5029844,313.0,70.0,,,,,,,,,38.704192,-93.283461,,"2602 JAMES LN, SEDALIA, MO 65301",ExaStr,ATTOM Data API,2025-07-15,16:10:46
,"1445 Shady Ln, Sedalia, MO 65301",1445 Shady Ln,Sedalia,MO,65301,"1445 Shady Ln, Sedalia, MO 65301",Google Maps List Scraper,2025-07-11,15:22:01,,29159,14-1.0-01-0-00-006.108,1999.0,SFR,Residential,Single Family Residence / Townhouse,SFR,OWNER OCCUPIED,4934.0,4934.0,,4.0,8.0,5.0,,10.0,,2.0,,,AVERAGE,BRICK,245243.0,5.63,,,,,,,,,,,38.706186,-93.294567,,"1445 SHADY LN, SEDALIA, MO 65301",ExaStr,ATTOM Data API,2025-07-15,16:10:49
,"4080 Par 4 Dr, Sedalia, MO 65301",4080 Par 4 Dr,Sedalia,MO,65301,"4080 Par 4 Dr, Sedalia, MO 65301",Google Maps List Scraper,2025-07-11,15:22:01,,29159,14-1.0-01-0-00-020.000,1993.0,SFR,Residential,Single Family Residence / Townhouse,SFR,OWNER OCCUPIED,2270.0,2270.0,,4.0,3.0,3.0,,8.0,,2.0,,,AVERAGE,WOOD,19470.0,0.4469697,177.0,110.0,,,,,,,,,38.700261,-93.284863,,"4080 PAR 4 DR, SEDALIA, MO 65301",ExaStr,ATTOM Data API,2025-07-15,16:10:51
,"2335 W Country Club Dr, Sedalia, MO 65301",2335 W Country Club Dr,Sedalia,MO,65301,"2335 W Country Club Dr, Sedalia, MO 65301",Google Maps List Scraper,2025-07-11,15:22:01,,29159,14-1.0-01-0-00-006.627,2004.0,SFR,Residential,Single Family Residence / Townhouse,SFR,OWNER OCCUPIED,2371.0,2371.0,,3.0,7.0,2.0,,11.0,,1.0,,,AVERAGE,ALUMINUM/VINYL,37948.0,0.8711662,212.0,179.0,,,,,,,,,38.704129,-93.290570,,"2335 W COUNTRY CLUB DR, SEDALIA, MO 65301",ExaStr,ATTOM Data API,2025-07-15,16:10:54
,"2400 W Country Club Dr, Sedalia, MO 65301",2400 W Country Club Dr,Sedalia,MO,65301,"2400 W Country Club Dr, Sedalia, MO 65301",Google Maps List Scraper,2025-07-11,15:22:01,,29159,14-1.0-01-0-00-006.501,2006.0,SFR,Residential,Single Family Residence / Townhouse,SFR,OWNER OCCUPIED,3712.0,3712.0,,4.0,8.0,4.0,,11.0,,2.0,,,AVERAGE,METAL,54450.0,1.25,241.0,226.0,,,,,,,,,38.700485,-93.291198,,"2400 W COUNTRY CLUB DR, SEDALIA, MO 65301",ExaStr,ATTOM Data API,2025-07-15,16:10:57
,"4295 Par 5 Dr, Sedalia, MO 65301",4295 Par 5 Dr,Sedalia,MO,65301,"4295 Par 5 Dr, Sedalia, MO 65301",Google Maps List Scraper,2025-07-11,15:22:01,,29159,14-1.0-01-0-00-077.000,1992.0,SFR,Residential,Single Family Residence / Townhouse,SFR,OWNER OCCUPIED,2112.0,2112.0,,3.0,3.0,2.0,,5.0,,1.0,,,AVERAGE,BRICK,39380.0,0.9040404,358.0,110.0,,,,,,,,,38.703435,-93.288151,,"4295 PAR 5 DR, SEDALIA, MO 65301",ExaStr,ATTOM Data API,2025-07-15,16:11:00
,"2290 W Country Club Dr, Sedalia, MO 65301",2290 W Country Club Dr,Sedalia,MO,65301,"2290 W Country Club Dr, Sedalia, MO 65301",Google Maps List Scraper,2025-07-11,15:22:01,,29159,14-1.0-01-0-00-006.635,2005.0,SFR,Residential,Single Family Residence / Townhouse,SFR,OWNER OCCUPIED,2396.0,2396.0,,6.0,6.0,3.0,,12.0,,1.0,,,AVERAGE,ALUMINUM/VINYL,76971.0,1.767,260.0,296.0,,,,,,,,,38.706233,-93.292984,,"2290 W COUNTRY CLUB DR, SEDALIA, MO 65301",ExaStr,ATTOM Data API,2025-07-15,16:11:03
,"2580 James Ln, Sedalia, MO 65301",2580 James Ln,Sedalia,MO,65301,"2580 James Ln, Sedalia, MO 65301",Google Maps List Scraper,2025-07-11,15:22:01,,29159,14-1.0-01-0-00-006.661,2011.0,SFR,Residential,Single Family Residence / Townhouse,SFR,OWNER OCCUPIED,1799.0,1799.0,,3.0,4.0,3.0,,,,1.0,,,AVERAGE,WOOD,21910.0,0.5029844,313.0,70.0,,,,,,,,,38.704225,-93.284687,,"2580 JAMES LN, SEDALIA, MO 65301",ExaStr,ATTOM Data API,2025-07-15,16:11:05
,"4065 Par 4 Dr, Sedalia, MO 65301",4065 Par 4 Dr,Sedalia,MO,65301,"4065 Par 4 Dr, Sedalia, MO 65301",Google Maps List Scraper,2025-07-11,15:22:01,,29159,14-1.0-01-0-00-038.000,2016.0,SFR,Residential,Single Family Residence / Townhouse,SFR,OWNER OCCUPIED,3596.0,3596.0,,3.0,3.0,3.0,,8.0,,1.0,,,AVERAGE,ALUMINUM/VINYL,23750.0,0.545225,190.0,125.0,,,,,,,,,38.700812,-93.284692,,"4065 PAR 4 DR, SEDALIA, MO 65301",ExaStr,ATTOM Data API,2025-07-15,16:11:08
,"2295 W Country Club Dr, Sedalia, MO 65301",2295 W Country Club Dr,Sedalia,MO,65301,"2295 W Country Club Dr, Sedalia, MO 65301",Google Maps List Scraper,2025-07-11,15:22:01,,29159,14-1.0-01-0-00-006.634,2016.0,SFR,Residential,Single Family Residence / Townhouse,SFR,OWNER OCCUPIED,2376.0,2376.0,,3.0,3.0,3.0,,,,1.0,,,AVERAGE,ALUMINUM/VINYL,74400.0,1.708,294.0,253.0,,,,,,,,,38.706159,-93.291601,,"2295 W COUNTRY CLUB DR, SEDALIA, MO 65301",ExaStr,ATTOM Data API,2025-07-15,16:11:11
,"2140 W Country Club Dr, Sedalia, MO 65301",2140 W Country Club Dr,Sedalia,MO,65301,"2140 W Country Club Dr, Sedalia, MO 65301",Google Maps List Scraper,2025-07-11,15:22:01,,29159,14-1.0-01-0-00-006.522,2006.0,SFR,Residential,Single Family Residence / Townhouse,SFR,OWNER OCCUPIED,2242.0,2242.0,,4.0,7.0,3.0,,10.0,,1.0,,,AVERAGE,WOOD,38612.0,0.8864096,196.0,197.0,,,,,,,,,38.701349,-93.289172,,"2140 W COUNTRY CLUB DR, SEDALIA, MO 65301",ExaStr,ATTOM Data API,2025-07-15,16:11:13
,"2180 W Country Club Dr, Sedalia, MO 65301",2180 W Country Club Dr,Sedalia,MO,65301,"2180 W Country Club Dr, Sedalia, MO 65301",Google Maps List Scraper,2025-07-11,15:22:01,,29159,14-1.0-01-0-00-006.518,2003.0,SFR,Residential,Single Family Residence / Townhouse,SFR,OWNER OCCUPIED,2186.0,2186.0,,3.0,6.0,3.0,,9.0,,1.0,,,AVERAGE,ALUMINUM/VINYL,38612.0,0.8864096,196.0,197.0,,,,,,,,,38.703565,-93.289038,,"2180 W COUNTRY CLUB DR, SEDALIA, MO 65301",ExaStr,ATTOM Data API,2025-07-15,16:11:16
,"2603 James Ln, Sedalia, MO 65301",2603 James Ln,Sedalia,MO,65301,"2603 James Ln, Sedalia, MO 65301",Google Maps List Scraper,2025-07-11,15:22:01,,29159,14-1.0-01-0-00-006.678,2011.0,SFR,Residential,Single Family Residence / Townhouse,SFR,ABSENTEE(MAIL AND SITUS NOT =),1577.0,1577.0,,3.0,2.0,2.0,,,,1.0,,,AVERAGE,WOOD,28665.0,0.6580579,315.0,91.0,,,,,,,,,38.705121,-93.283400,,"2603 JAMES LN, SEDALIA, MO 65301",ExaStr,ATTOM Data API,2025-07-15,16:11:19
,"2200 W Country Club Dr, Sedalia, MO 65301",2200 W Country Club Dr,Sedalia,MO,65301,"2200 W Country Club Dr, Sedalia, MO 65301",Google Maps List Scraper,2025-07-11,15:22:01,,29159,14-1.0-01-0-00-006.649,2010.0,SFR,Residential,Single Family Residence / Townhouse,SFR,OWNER OCCUPIED,2334.0,2334.0,,5.0,5.0,3.0,,9.0,,1.0,,,AVERAGE,ALUMINUM/VINYL,33755.0,0.7749082,215.0,157.0,,,,,,,,,38.704779,-93.289174,,"2200 W COUNTRY CLUB DR, SEDALIA, MO 65301",ExaStr,ATTOM Data API,2025-07-15,16:11:22
,"1475 Shady Ln, Sedalia, MO 65301",1475 Shady Ln,Sedalia,MO,65301,"1475 Shady Ln, Sedalia, MO 65301",Google Maps List Scraper,2025-07-11,15:22:01,,29159,14-1.0-01-0-00-006.110,2002.0,SFR,Residential,Single Family Residence / Townhouse,SFR,OWNER OCCUPIED,4152.0,4152.0,,5.0,6.0,4.0,,12.0,,2.0,,,AVERAGE,BRICK,439956.0,10.1,,,,,,,,,,,38.703831,-93.294205,,"1475 SHADY LN, SEDALIA, MO 65301",ExaStr,ATTOM Data API,2025-07-15,16:11:24
,"2220 W Country Club Dr, Sedalia, MO 65301",2220 W Country Club Dr,Sedalia,MO,65301,"2220 W Country Club Dr, Sedalia, MO 65301",Google Maps List Scraper,2025-07-11,15:22:01,,29159,14-1.0-01-0-00-006.651,2009.0,SFR,Residential,Single Family Residence / Townhouse,SFR,OWNER OCCUPIED,2457.0,2457.0,,4.0,4.0,3.0,,10.0,,1.0,,,AVERAGE,ALUMINUM/VINYL,64687.0,1.485,217.0,298.0,,,,,,,,,38.705791,-93.289631,,"2220 W COUNTRY CLUB DR, SEDALIA, MO 65301",ExaStr,ATTOM Data API,2025-07-15,16:11:27
,"4220 Green Cir, Sedalia, MO 65301",4220 Green Cir,Sedalia,MO,65301,"4220 Green Cir, Sedalia, MO 65301",Google Maps List Scraper,2025-07-11,15:22:01,,29159,14-1.0-01-0-00-065.000,1996.0,SFR,Residential,Single Family Residence / Townhouse,SFR,OWNER OCCUPIED,1603.0,1603.0,,4.0,4.0,3.0,,7.0,,1.0,,,AVERAGE,BRICK,19808.0,0.4547291,173.0,87.0,,,,,,,,,38.700279,-93.286681,,"4220 GREEN CIR, SEDALIA, MO 65301",ExaStr,ATTOM Data API,2025-07-15,16:11:30
,"2592 James Ln, Sedalia, MO 65301",2592 James Ln,Sedalia,MO,65301,"2592 James Ln, Sedalia, MO 65301",Google Maps List Scraper,2025-07-11,15:22:01,,29159,14-1.0-01-0-00-006.683,2009.0,SFR,Residential,Single Family Residence / Townhouse,SFR,OWNER OCCUPIED,1750.0,1750.0,,3.0,2.0,2.0,,,,1.0,,,AVERAGE,ALUMINUM/VINYL,21910.0,0.5029844,313.0,70.0,,,,,,,,,38.704205,-93.283951,,"2592 JAMES LN, SEDALIA, MO 65301",ExaStr,ATTOM Data API,2025-07-15,16:11:33
,"1585 Shady Ln, Sedalia, MO 65301",1585 Shady Ln,Sedalia,MO,65301,"1585 Shady Ln, Sedalia, MO 65301",Google Maps List Scraper,2025-07-11,15:22:01,,29159,14-1.0-01-0-00-006.101,2002.0,SFR,Residential,Single Family Residence / Townhouse,SFR,OWNER OCCUPIED,2705.0,2705.0,,5.0,6.0,4.0,,10.0,,1.0,,,AVERAGE,BRICK,117612.0,2.7,,,,,,,,,,,38.700943,-93.292661,,"1585 SHADY LN, SEDALIA, MO 65301",ExaStr,ATTOM Data API,2025-07-15,16:11:35
,"2660 James Ln, Sedalia, MO 65301",2660 James Ln,Sedalia,MO,65301,"2660 James Ln, Sedalia, MO 65301",Google Maps List Scraper,2025-07-11,15:22:01,,29159,14-1.0-01-0-00-006.704,2020.0,SFR,Residential,Single Family Residence / Townhouse,SFR,OWNER OCCUPIED,2184.0,2184.0,,4.0,3.0,2.0,,7.0,,1.0,,,AVERAGE,COMPOSITION/COMPOSITE,43330.0,0.9947199,310.0,140.0,,,,,,,,,38.706839,-93.283487,,"2660 JAMES LN, SEDALIA, MO 65301",ExaStr,ATTOM Data API,2025-07-15,16:11:38
,"4050 Par 5 Dr, Sedalia, MO 65301",4050 Par 5 Dr,Sedalia,MO,65301,"4050 Par 5 Dr, Sedalia, MO 65301",Google Maps List Scraper,2025-07-11,15:22:01,,29159,14-1.0-01-0-00-041.000,1990.0,SFR,Residential,Single Family Residence / Townhouse,SFR,OWNER OCCUPIED,1696.0,1696.0,,3.0,2.0,2.0,,5.0,,1.0,,,AVERAGE,BRICK,19000.0,0.43618,190.0,100.0,,,,,,,,,38.701365,-93.283970,,"4050 PAR 5 DR, SEDALIA, MO 65301",ExaStr,ATTOM Data API,2025-07-15,16:11:41
,"4218 Eagle Dr, Sedalia, MO 65301",4218 Eagle Dr,Sedalia,MO,65301,"4218 Eagle Dr, Sedalia, MO 65301",Google Maps List Scraper,2025-07-11,15:22:01,,29159,14-1.0-01-0-00-055.000,1994.0,SFR,Residential,Single Family Residence / Townhouse,SFR,OWNER OCCUPIED,1690.0,1690.0,,3.0,2.0,2.0,,7.0,,1.0,,,AVERAGE,ALUMINUM/VINYL,25822.0,0.5927916,165.0,118.0,,,,,,,,,38.701407,-93.286568,,"4218 EAGLE DR, SEDALIA, MO 65301",ExaStr,ATTOM Data API,2025-07-15,16:11:44
,"4210 Green Cir, Sedalia, MO 65301",4210 Green Cir,Sedalia,MO,65301,"4210 Green Cir, Sedalia, MO 65301",Google Maps List Scraper,2025-07-11,15:22:01,,29159,14-1.0-01-0-00-064.000,1996.0,SFR,Residential,Single Family Residence / Townhouse,SFR,OWNER OCCUPIED,1600.0,1600.0,,3.0,2.0,2.0,,7.0,,1.0,,,AVERAGE,BRICK,16995.0,0.3901515,165.0,56.0,,,,,,,,,38.700282,-93.286231,,"4210 GREEN CIR, SEDALIA, MO 65301",ExaStr,ATTOM Data API,2025-07-15,16:11:46
,"4200 Green Cir, Sedalia, MO 65301",4200 Green Cir,Sedalia,MO,65301,"4200 Green Cir, Sedalia, MO 65301",Google Maps List Scraper,2025-07-11,15:22:01,,29159,14-1.0-01-0-00-063.000,1997.0,SFR,Residential,Single Family Residence / Townhouse,SFR,OWNER OCCUPIED,1728.0,1728.0,,3.0,2.0,2.0,,6.0,,1.0,,,AVERAGE,WOOD,24750.0,0.5681818,150.0,75.0,,,,,,,,,38.700730,-93.286102,,"4200 GREEN CIR, SEDALIA, MO 65301",ExaStr,ATTOM Data API,2025-07-15,16:11:49
,"2190 W Country Club Dr, Sedalia, MO 65301",2190 W Country Club Dr,Sedalia,MO,65301,"2190 W Country Club Dr, Sedalia, MO 65301",Google Maps List Scraper,2025-07-11,15:22:01,,29159,14-1.0-01-0-00-006.648,2007.0,SFR,Residential,Single Family Residence / Townhouse,SFR,OWNER OCCUPIED,2668.0,2668.0,,4.0,5.0,3.0,,,,1.0,,,AVERAGE,ALUMINUM/VINYL,41818.0,0.9600092,206.0,203.0,,,,,,,,,38.704109,-93.289002,,"2190 W COUNTRY CLUB DR, SEDALIA, MO 65301",ExaStr,ATTOM Data API,2025-07-15,16:11:52
,"2215 W Country Club Dr, Sedalia, MO 65301",2215 W Country Club Dr,Sedalia,MO,65301,"2215 W Country Club Dr, Sedalia, MO 65301",Google Maps List Scraper,2025-07-11,15:22:01,,29159,14-1.0-01-0-00-006.645,2010.0,SFR,Residential,Single Family Residence / Townhouse,SFR,OWNER OCCUPIED,1966.0,1966.0,,2.0,5.0,3.0,,3.0,,1.0,,,AVERAGE,WOOD,38979.0,0.8948347,213.0,183.0,,,,,,,,,38.705111,-93.290230,,"2215 W COUNTRY CLUB DR, SEDALIA, MO 65301",ExaStr,ATTOM Data API,2025-07-15,16:11:55
,"4035 Par 5 Dr, Sedalia, MO 65301",4035 Par 5 Dr,Sedalia,MO,65301,"4035 Par 5 Dr, Sedalia, MO 65301",Google Maps List Scraper,2025-07-11,15:22:01,,29159,14-1.0-01-0-00-026.000,1988.0,SFR,Residential,Single Family Residence / Townhouse,SFR,OWNER OCCUPIED,1903.0,1903.0,,3.0,3.0,3.0,,6.0,,1.0,,,AVERAGE,ALUMINUM/VINYL,19000.0,0.43618,190.0,100.0,,,,,,,,,38.700950,-93.283171,,"4035 PAR 5 DR, SEDALIA, MO 65301",ExaStr,ATTOM Data API,2025-07-15,16:11:58
,"1505 Shady Ln, Sedalia, MO 65301",1505 Shady Ln,Sedalia,MO,65301,"1505 Shady Ln, Sedalia, MO 65301",Google Maps List Scraper,2025-07-11,15:22:01,,29159,14-1.0-01-0-00-006.104,1995.0,SFR,Residential,Single Family Residence / Townhouse,SFR,OWNER OCCUPIED,2629.0,2629.0,,5.0,5.0,3.0,,9.0,,2.0,,,AVERAGE,BRICK,119790.0,2.75,,,,,,,,,,,38.703247,-93.292635,,"1505 SHADY LN, SEDALIA, MO 65301",ExaStr,ATTOM Data API,2025-07-15,16:12:00
,"2175 W Country Club Dr, Sedalia, MO 65301",2175 W Country Club Dr,Sedalia,MO,65301,"2175 W Country Club Dr, Sedalia, MO 65301",Google Maps List Scraper,2025-07-11,15:22:01,,29159,14-1.0-01-0-00-006.516,2004.0,SFR,Residential,Single Family Residence / Townhouse,SFR,OWNER OCCUPIED,2253.0,2253.0,,5.0,6.0,4.0,,13.0,,1.0,,,AVERAGE,ALUMINUM/VINYL,38606.0,0.8862718,194.0,199.0,,,,,,,,,38.703039,-93.289915,,"2175 W COUNTRY CLUB DR, SEDALIA, MO 65301",ExaStr,ATTOM Data API,2025-07-15,16:12:03
,"1523 N Hedge Apple Dr, Sedalia, MO 65301",1523 N Hedge Apple Dr,Sedalia,MO,65301,"1523 N Hedge Apple Dr, Sedalia, MO 65301",Google Maps List Scraper,2025-07-11,15:22:01,,29159,14-1.0-01-0-00-074.000,1993.0,SFR,Residential,Single Family Residence / Townhouse,SFR,OWNER OCCUPIED,1812.0,1812.0,,3.0,2.0,2.0,,7.0,,1.0,,,AVERAGE,BRICK,18625.0,0.4275712,149.0,125.0,,,,,,,,,38.702322,-93.288532,,"1523 N HEDGE APPLE DR, SEDALIA, MO 65301",ExaStr,ATTOM Data API,2025-07-15,16:12:06
,"4060 Par 4 Dr, Sedalia, MO 65301",4060 Par 4 Dr,Sedalia,MO,65301,"4060 Par 4 Dr, Sedalia, MO 65301",Google Maps List Scraper,2025-07-11,15:22:01,,29159,14-1.0-01-0-00-021.000,1988.0,SFR,Residential,Single Family Residence / Townhouse,SFR,OWNER OCCUPIED,1656.0,1656.0,,3.0,3.0,3.0,,7.0,,1.0,,,AVERAGE,WOOD,19250.0,0.4419192,175.0,110.0,,,,,,,,,38.700238,-93.284479,,"4060 PAR 4 DR, SEDALIA, MO 65301",ExaStr,ATTOM Data API,2025-07-15,16:12:09
,"2540 James Ln, Sedalia, MO 65301",2540 James Ln,Sedalia,MO,65301,"2540 James Ln, Sedalia, MO 65301",Google Maps List Scraper,2025-07-11,15:22:01,,29159,14-1.0-01-0-00-006.657,2007.0,SFR,Residential,Single Family Residence / Townhouse,SFR,OWNER OCCUPIED,2743.0,2743.0,,4.0,5.0,3.0,,13.0,,2.0,,,AVERAGE,ALUMINUM/VINYL,63206.0,1.451,313.0,202.0,,,,,,,,,38.704277,-93.286634,,"2540 JAMES LN, SEDALIA, MO 65301",ExaStr,ATTOM Data API,2025-07-15,16:12:12
,"1585 Fairway Dr, Sedalia, MO 65301",1585 Fairway Dr,Sedalia,MO,65301,"1585 Fairway Dr, Sedalia, MO 65301",Google Maps List Scraper,2025-07-11,15:22:01,,29159,14-1.0-01-0-00-019.000,1992.0,SFR,Residential,Single Family Residence / Townhouse,SFR,OWNER OCCUPIED,1860.0,1860.0,,3.0,2.0,2.0,,5.0,,1.0,,,AVERAGE,BRICK,19000.0,0.43618,190.0,100.0,,,,,,,,,38.700601,-93.285570,,"1585 FAIRWAY DR, SEDALIA, MO 65301",ExaStr,ATTOM Data API,2025-07-15,16:12:14
,"1555 Fairway Dr, Sedalia, MO 65301",1555 Fairway Dr,Sedalia,MO,65301,"1555 Fairway Dr, Sedalia, MO 65301",Google Maps List Scraper,2025-07-11,15:22:01,,29159,14-1.0-01-0-00-016.000,1990.0,SFR,Residential,Single Family Residence / Townhouse,SFR,OWNER OCCUPIED,1986.0,1986.0,,3.0,2.0,2.0,,6.0,,1.0,,,AVERAGE,WOOD,19000.0,0.43618,190.0,100.0,,,,,,,,,38.701427,-93.285506,,"1555 FAIRWAY DR, SEDALIA, MO 65301",ExaStr,ATTOM Data API,2025-07-15,16:12:17
,"2245 W Country Club Dr, Sedalia, MO 65301",2245 W Country Club Dr,Sedalia,MO,65301,"2245 W Country Club Dr, Sedalia, MO 65301",Google Maps List Scraper,2025-07-11,15:22:01,,29159,14-1.0-01-0-00-006.643,2021.0,SFR,Residential,Single Family Residence / Townhouse,SFR,OWNER OCCUPIED,2278.0,2278.0,,,1.0,1.0,,,,1.0,,,AVERAGE,COMPOSITION/COMPOSITE,84506.0,1.94,265.0,228.0,,,,,,,,,38.706461,-93.290639,,"2245 W COUNTRY CLUB DR, SEDALIA, MO 65301",ExaStr,ATTOM Data API,2025-07-15,16:12:20
,"2610 James Ln, Sedalia, MO 65301",2610 James Ln,Sedalia,MO,65301,"2610 James Ln, Sedalia, MO 65301",Google Maps List Scraper,2025-07-11,15:22:01,,29159,14-1.0-01-0-00-006.664,2022.0,SFR,Residential,Single Family Residence / Townhouse,SFR,OWNER OCCUPIED,1963.0,1963.0,,3.0,3.0,2.0,,,,1.0,,,AVERAGE,WOOD,68215.0,1.566,313.0,218.0,,,,,,,,,38.704206,-93.282948,,"2610 JAMES LN, SEDALIA, MO 65301",ExaStr,ATTOM Data API,2025-07-15,16:12:23
,"2310 W Country Club Dr, Sedalia, MO 65301",2310 W Country Club Dr,Sedalia,MO,65301,"2310 W Country Club Dr, Sedalia, MO 65301",Google Maps List Scraper,2025-07-11,15:22:01,,29159,14-1.0-01-0-00-006.631,2004.0,SFR,Residential,Single Family Residence / Townhouse,SFR,OWNER OCCUPIED,2092.0,2092.0,,4.0,6.0,4.0,,12.0,,1.0,,,AVERAGE,ALUMINUM/VINYL,38745.0,0.8894628,205.0,189.0,,,,,,,,,38.705149,-93.292005,,"2310 W COUNTRY CLUB DR, SEDALIA, MO 65301",ExaStr,ATTOM Data API,2025-07-15,16:12:25
,"2160 W Country Club Dr, Sedalia, MO 65301",2160 W Country Club Dr,Sedalia,MO,65301,"2160 W Country Club Dr, Sedalia, MO 65301",Google Maps List Scraper,2025-07-11,15:22:01,,29159,14-1.0-01-0-00-006.520,2004.0,SFR,Residential,Single Family Residence / Townhouse,SFR,ABSENTEE(MAIL AND SITUS NOT =),2238.0,2238.0,,4.0,7.0,3.0,,12.0,,1.0,,,AVERAGE,ALUMINUM/VINYL,38612.0,0.8864096,196.0,197.0,,,,,,,,,38.702484,-93.289102,,"2160 W COUNTRY CLUB DR, SEDALIA, MO 65301",ExaStr,ATTOM Data API,2025-07-15,16:12:28
,"2690 James Ln, Sedalia, MO 65301",2690 James Ln,Sedalia,MO,65301,"2690 James Ln, Sedalia, MO 65301",Google Maps List Scraper,2025-07-11,15:22:01,,29159,14-1.0-01-0-00-006.701,2020.0,SFR,Residential,Single Family Residence / Townhouse,SFR,OWNER OCCUPIED,2062.0,2062.0,,,1.0,1.0,,,,1.0,,,AVERAGE,,36470.0,0.837236,211.0,140.0,,,,,,,,,38.706871,-93.284960,,"2690 JAMES LN, SEDALIA, MO 65301",ExaStr,ATTOM Data API,2025-07-15,16:12:31
,"4210 Eagle Dr, Sedalia, MO 65301",4210 Eagle Dr,Sedalia,MO,65301,"4210 Eagle Dr, Sedalia, MO 65301",Google Maps List Scraper,2025-07-11,15:22:01,,29159,14-1.0-01-0-00-054.000,1996.0,SFR,Residential,Single Family Residence / Townhouse,SFR,OWNER OCCUPIED,1770.0,1770.0,,3.0,3.0,2.0,,7.0,,1.0,,,AVERAGE,WOOD,22355.0,0.5132002,170.0,63.0,,,,,,,,,38.701493,-93.286074,,"4210 EAGLE DR, SEDALIA, MO 65301",ExaStr,ATTOM Data API,2025-07-15,16:12:34
,"4230 Green Cir, Sedalia, MO 65301",4230 Green Cir,Sedalia,MO,65301,"4230 Green Cir, Sedalia, MO 65301",Google Maps List Scraper,2025-07-11,15:22:01,,29159,14-1.0-01-0-00-066.000,1996.0,SFR,Residential,Single Family Residence / Townhouse,SFR,OWNER OCCUPIED,1946.0,1946.0,,3.0,4.0,3.0,,6.0,,1.0,,,AVERAGE,BRICK,18165.0,0.417011,173.0,105.0,,,,,,,,,38.700308,-93.287074,,"4230 GREEN CIR, SEDALIA, MO 65301",ExaStr,ATTOM Data API,2025-07-15,16:12:36
,"4040 Par 5 Dr, Sedalia, MO 65301",4040 Par 5 Dr,Sedalia,MO,65301,"4040 Par 5 Dr, Sedalia, MO 65301",Google Maps List Scraper,2025-07-11,15:22:01,,29159,14-1.0-01-0-00-040.000,1989.0,SFR,Residential,Single Family Residence / Townhouse,SFR,ABSENTEE(MAIL AND SITUS NOT =),2084.0,2084.0,,4.0,3.0,3.0,,6.0,,1.0,,,AVERAGE,ALUMINUM/VINYL,19000.0,0.43618,190.0,100.0,,,,,,,,,38.701093,-93.283990,,"4040 PAR 5 DR, SEDALIA, MO 65301",ExaStr,ATTOM Data API,2025-07-15,16:12:39
,"2700 James Ln, Sedalia, MO 65301",2700 James Ln,Sedalia,MO,65301,"2700 James Ln, Sedalia, MO 65301",Google Maps List Scraper,2025-07-11,15:22:01,,29159,14-1.0-01-0-00-006.700,2020.0,SFR,Residential,Single Family Residence / Townhouse,SFR,OWNER OCCUPIED,3104.0,3104.0,,,2.0,2.0,,,,2.0,,,AVERAGE,COMPOSITION/COMPOSITE,43560.0,1.0,311.0,140.0,,,,,,,,,38.706890,-93.285448,,"2700 JAMES LN, SEDALIA, MO 65301",ExaStr,ATTOM Data API,2025-07-15,16:12:42
,"4190 Eagle Dr, Sedalia, MO 65301",4190 Eagle Dr,Sedalia,MO,65301,"4190 Eagle Dr, Sedalia, MO 65301",Google Maps List Scraper,2025-07-11,15:22:01,,29159,14-1.0-01-0-00-052.000,1994.0,SFR,Residential,Single Family Residence / Townhouse,SFR,OWNER OCCUPIED,1992.0,1992.0,,4.0,3.0,2.0,,7.0,,2.0,,,AVERAGE,WOOD,24028.0,0.551607,193.0,49.0,,,,,,,,,38.702213,-93.286229,,"4190 EAGLE DR, SEDALIA, MO 65301",ExaStr,ATTOM Data API,2025-07-15,16:12:44
,"2270 W Country Club Dr, Sedalia, MO 65301",2270 W Country Club Dr,Sedalia,MO,65301,"2270 W Country Club Dr, Sedalia, MO 65301",Google Maps List Scraper,2025-07-11,15:22:01,,29159,14-1.0-01-0-00-006.637,2007.0,SFR,Residential,Single Family Residence / Townhouse,SFR,OWNER OCCUPIED,2153.0,2153.0,,5.0,3.0,3.0,,5.0,,1.0,,,AVERAGE,BRICK,59851.0,1.374,327.0,183.0,,,,,,,,,38.707321,-93.292902,,"2270 W COUNTRY CLUB DR, SEDALIA, MO 65301",ExaStr,ATTOM Data API,2025-07-15,16:12:47
